ID;lookupID;Name;Set;Type;Quantity;Raw Price;PSA 10 Price;Raw Total
1672;pokemon-astral-radiance/combee-11;Combee;Astral Radiance;Normal;1;0.78;25.18;0.78
1665;pokemon-astral-radiance/drifloon-63;Drifloon;Astral Radiance;Normal;1;0.54;45.69;0.54
947;pokemon-astral-radiance/gardenia's-vigor-143;Gardenia's Vigor;Astral Radiance;Normal;1;0.95;25.86;0.95
1276;pokemon-astral-radiance/jirachi-v-170;Jirachi V;Astral Radiance;Normal;1;7.46;76.21;7.46
136;pokemon-astral-radiance/ralts-60;Ralts;Astral Radiance;Normal;1;1.1;18.49;1.1
395;pokemon-astral-radiance/regirock-75;Regirock;Astral Radiance;Normal;1;1.05;26.23;1.05
588;pokemon-astral-radiance/sudowoodo-74;Sudowoodo;Astral Radiance;Normal;1;0.99;26.72;0.99
1430;pokemon-astral-radiance/temple-of-sinnoh-155;Temple of Sinnoh;Astral Radiance;Normal;1;1.31;27.23;1.31
961;pokemon-astral-radiance/whiscash-36;Whiscash;Astral Radiance;Normal;1;0.88;25.58;0.88
638;pokemon-astral-radiance/yanma-6;Yanma;Astral Radiance;Normal;1;1.41;0.0;1.41
531;pokemon-brilliant-stars/barry-130;Barry;Brilliant Stars;Normal;6;0.73;25.0;4.38
1120;pokemon-brilliant-stars/boss's-orders-reverse-holo-132;Boss's Orders;Brilliant Stars;Reverse Holo;1;1.0;26.01;1.0
1777;pokemon-brilliant-stars/cafe-master-133;Cafe Master;Brilliant Stars;Normal;1;1.09;25.45;1.09
668;pokemon-brilliant-stars/castform-116;Castform;Brilliant Stars;Normal;1;0.81;25.31;0.81
1445;pokemon-brilliant-stars/cherubi-12;Cherubi;Brilliant Stars;Normal;1;0.71;24.91;0.71
773;pokemon-brilliant-stars/chimchar-24;Chimchar;Brilliant Stars;Normal;1;0.87;22.2;0.87
1498;pokemon-brilliant-stars/chimecho-63;Chimecho;Brilliant Stars;Normal;1;0.38;0.0;0.38
1186;pokemon-brilliant-stars/choice-belt-135;Choice Belt;Brilliant Stars;Normal;1;0.73;25.0;0.73
636;pokemon-brilliant-stars/claydol-59;Claydol;Brilliant Stars;Normal;1;0.18;22.9;0.18
440;pokemon-brilliant-stars/cleansing-gloves-reverse-holo-136;Cleansing Gloves;Brilliant Stars;Reverse Holo;1;0.97;25.9;0.97
36;pokemon-brilliant-stars/clefairy-53;Clefairy;Brilliant Stars;Normal;4;0.9;25.65;3.6
592;pokemon-brilliant-stars/corphish-32;Corphish;Brilliant Stars;Normal;2;0.73;25.0;1.46
315;pokemon-brilliant-stars/cubchoo-42;Cubchoo;Brilliant Stars;Normal;2;0.73;25.0;1.46
830;pokemon-brilliant-stars/dedenne-67;Dedenne;Brilliant Stars;Normal;2;1.0;26.01;2.0
112;pokemon-brilliant-stars/dusknoir-62;Dusknoir;Brilliant Stars;Normal;2;0.96;11.1;1.92
434;pokemon-brilliant-stars/duskull-60;Duskull;Brilliant Stars;Normal;4;0.81;25.31;3.24
387;pokemon-brilliant-stars/electabuzz-reverse-holo-46;Electabuzz;Brilliant Stars;Reverse Holo;1;0.95;25.82;0.95
481;pokemon-brilliant-stars/escavalier-reverse-holo-101;Escavalier;Brilliant Stars;Reverse Holo;1;1.0;26.01;1.0
454;pokemon-brilliant-stars/exeggcute-1;Exeggcute;Brilliant Stars;Normal;1;0.73;25.0;0.73
263;pokemon-brilliant-stars/farfetch'd-115;Farfetch'd;Brilliant Stars;Normal;4;0.73;29.6;2.92
1627;pokemon-brilliant-stars/floatzel-39;Floatzel;Brilliant Stars;Normal;1;0.73;25.0;0.73
1273;pokemon-brilliant-stars/fraxure-111;Fraxure;Brilliant Stars;Normal;2;0.68;24.8;1.36
354;pokemon-brilliant-stars/fresh-water-set-139;Fresh Water Set;Brilliant Stars;Normal;3;0.5;24.09;1.5
1425;pokemon-brilliant-stars/garchomp-109;Garchomp;Brilliant Stars;Normal;1;1.84;19.18;1.84
246;pokemon-brilliant-stars/gible-107;Gible;Brilliant Stars;Normal;1;0.74;25.03;0.74
343;pokemon-brilliant-stars/gloria-141;Gloria;Brilliant Stars;Normal;2;0.81;25.28;1.62
1577;pokemon-brilliant-stars/golett-82;Golett;Brilliant Stars;Normal;1;0.87;25.51;0.87
553;pokemon-brilliant-stars/grimer-84;Grimer;Brilliant Stars;Normal;5;0.27;23.21;1.35
1380;pokemon-brilliant-stars/grotle-7;Grotle;Brilliant Stars;Normal;1;0.98;25.96;0.98
1134;pokemon-brilliant-stars/grotle-reverse-holo-7;Grotle;Brilliant Stars;Reverse Holo;1;0.93;25.76;0.93
1597;pokemon-brilliant-stars/heatran-100;Heatran;Brilliant Stars;Normal;2;0.87;25.51;1.74
1368;pokemon-brilliant-stars/karrablast-15;Karrablast;Brilliant Stars;Normal;2;0.73;0.0;1.46
1686;pokemon-brilliant-stars/kindler-170;Kindler;Brilliant Stars;Normal;1;1.44;22.2;1.44
691;pokemon-brilliant-stars/klinklang-reverse-holo-104;Klinklang;Brilliant Stars;Reverse Holo;1;0.91;25.67;0.91
121;pokemon-brilliant-stars/luxio-50;Luxio;Brilliant Stars;Normal;1;0.87;25.5;0.87
772;pokemon-brilliant-stars/marnie's-pride-145;Marnie's Pride;Brilliant Stars;Normal;3;0.73;25.0;2.19
1259;pokemon-brilliant-stars/minccino-reverse-holo-124;Minccino;Brilliant Stars;Reverse Holo;1;1.23;26.89;1.23
950;pokemon-brilliant-stars/piplup-reverse-holo-35;Piplup;Brilliant Stars;Reverse Holo;2;1.52;27.96;3.04
419;pokemon-brilliant-stars/prinplup-36;Prinplup;Brilliant Stars;Normal;1;0.86;25.48;0.86
1075;pokemon-brilliant-stars/professor's-research-147;Professor's Research;Brilliant Stars;Normal;1;1.22;27.62;1.22
219;pokemon-brilliant-stars/purrloin-90;Purrloin;Brilliant Stars;Normal;1;0.73;25.0;0.73
450;pokemon-brilliant-stars/sawk-81;Sawk;Brilliant Stars;Normal;2;0.73;25.0;1.46
35;pokemon-brilliant-stars/shinx-reverse-holo-49;Shinx;Brilliant Stars;Reverse Holo;1;1.01;26.04;1.01
397;pokemon-brilliant-stars/shroomish-3;Shroomish;Brilliant Stars;Normal;2;0.73;25.0;1.46
609;pokemon-brilliant-stars/sigilyph-66;Sigilyph;Brilliant Stars;Normal;2;0.7;24.91;1.4
556;pokemon-brilliant-stars/sneasel-reverse-holo-86;Sneasel;Brilliant Stars;Reverse Holo;1;1.01;26.04;1.01
74;pokemon-brilliant-stars/starmie-55;Starmie;Brilliant Stars;Normal;2;0.58;24.43;1.16
733;pokemon-brilliant-stars/staryu-30;Staryu;Brilliant Stars;Normal;2;0.84;51.79;1.68
1497;pokemon-brilliant-stars/team-yell's-cheer-149;Team Yell's Cheer;Brilliant Stars;Normal;1;0.83;25.36;0.83
762;pokemon-brilliant-stars/team-yell's-cheer-reverse-holo-149;Team Yell's Cheer;Brilliant Stars;Reverse Holo;1;0.95;25.84;0.95
778;pokemon-brilliant-stars/throh-80;Throh;Brilliant Stars;Normal;1;0.89;26.04;0.89
1032;pokemon-brilliant-stars/tornadus-reverse-holo-126;Tornadus;Brilliant Stars;Reverse Holo;1;1.09;26.64;1.09
264;pokemon-brilliant-stars/trapinch-74;Trapinch;Brilliant Stars;Normal;2;0.73;25.0;1.46
642;pokemon-chilling-reign/abomasnow-snowflake-stamp-10;Abomasnow [Snowflake Stamp];Chilling Reign;Normal;1;1.3;0.0;1.3
884;pokemon-chilling-reign/agatha-129;Agatha;Chilling Reign;Normal;4;0.47;23.95;1.88
282;pokemon-chilling-reign/agatha-reverse-holo-129;Agatha;Chilling Reign;Reverse Holo;1;0.89;25.57;0.89
1131;pokemon-chilling-reign/aggron-111;Aggron;Chilling Reign;Normal;2;0.94;25.91;1.88
309;pokemon-chilling-reign/aron-109;Aron;Chilling Reign;Normal;2;0.83;25.35;1.66
77;pokemon-chilling-reign/aron-reverse-holo-109;Aron;Chilling Reign;Reverse Holo;2;0.86;25.46;1.72
701;pokemon-chilling-reign/avery-130;Avery;Chilling Reign;Normal;3;0.99;25.97;2.97
251;pokemon-chilling-reign/banette-63;Banette;Chilling Reign;Normal;1;1.01;40.7;1.01
56;pokemon-chilling-reign/blitzle-50;Blitzle;Chilling Reign;Normal;7;0.73;24.99;5.11
742;pokemon-chilling-reign/bounsweet-13;Bounsweet;Chilling Reign;Normal;1;0.84;25.38;0.84
290;pokemon-chilling-reign/brawly-131;Brawly;Chilling Reign;Normal;1;0.85;25.43;0.85
1543;pokemon-chilling-reign/brawly-212;Brawly;Chilling Reign;Normal;1;4.2;22.57;4.2
415;pokemon-chilling-reign/caitlin-132;Caitlin;Chilling Reign;Normal;2;0.85;25.43;1.7
737;pokemon-chilling-reign/caitlin-reverse-holo-132;Caitlin;Chilling Reign;Reverse Holo;3;1.18;13.5;3.54
1429;pokemon-chilling-reign/castform-121;Castform;Chilling Reign;Normal;2;1.24;26.57;2.48
786;pokemon-chilling-reign/castform-rainy-form-33;Castform Rainy Form;Chilling Reign;Normal;2;0.84;25.41;1.68
1692;pokemon-chilling-reign/castform-snowy-form-34;Castform Snowy Form;Chilling Reign;Normal;1;0.85;25.43;0.85
1049;pokemon-chilling-reign/castform-sunny-form-22;Castform Sunny Form;Chilling Reign;Normal;3;1.07;26.28;3.21
266;pokemon-chilling-reign/cinderace-28;Cinderace;Chilling Reign;Normal;1;1.28;27.04;1.28
55;pokemon-chilling-reign/clobbopus-91;Clobbopus;Chilling Reign;Normal;7;0.77;25.43;5.39
1017;pokemon-chilling-reign/crabominable-85;Crabominable;Chilling Reign;Normal;3;0.91;25.66;2.73
84;pokemon-chilling-reign/crabrawler-84;Crabrawler;Chilling Reign;Normal;6;0.73;0.0;4.38
248;pokemon-chilling-reign/cresselia-64;Cresselia;Chilling Reign;Normal;1;1.09;27.93;1.09
271;pokemon-chilling-reign/deerling-reverse-holo-11;Deerling;Chilling Reign;Reverse Holo;1;1.01;26.03;1.01
204;pokemon-chilling-reign/delibird-32;Delibird;Chilling Reign;Normal;3;1.01;55.27;3.03
1293;pokemon-chilling-reign/diglett-76;Diglett;Chilling Reign;Normal;1;0.9;25.6;0.9
866;pokemon-chilling-reign/doctor-reverse-holo-134;Doctor;Chilling Reign;Reverse Holo;1;0.95;24.99;0.95
459;pokemon-chilling-reign/dugtrio-77;Dugtrio;Chilling Reign;Normal;1;0.85;25.43;0.85
276;pokemon-chilling-reign/dyna-tree-hill-135;Dyna Tree Hill;Chilling Reign;Normal;3;0.98;25.91;2.94
616;pokemon-chilling-reign/echoing-horn-136;Echoing Horn;Chilling Reign;Normal;4;0.85;25.43;3.4
1309;pokemon-chilling-reign/electrode-222;Electrode;Chilling Reign;Normal;1;8.13;35.51;8.13
314;pokemon-chilling-reign/fire-resistant-gloves-138;Fire Resistant Gloves;Chilling Reign;Normal;4;0.73;24.99;2.92
31;pokemon-chilling-reign/flaaffy-48;Flaaffy;Chilling Reign;Normal;2;0.73;24.99;1.46
1162;pokemon-chilling-reign/flannery-139;Flannery;Chilling Reign;Normal;5;0.75;25.04;3.75
146;pokemon-chilling-reign/fog-crystal-140;Fog Crystal;Chilling Reign;Normal;4;0.86;25.46;3.44
205;pokemon-chilling-reign/furfrou-126;Furfrou;Chilling Reign;Normal;4;0.87;25.01;3.48
1129;pokemon-chilling-reign/galarian-chestplate-141;Galarian Chestplate;Chilling Reign;Normal;1;0.73;0.0;0.73
200;pokemon-chilling-reign/galarian-farfetch'd-78;Galarian Farfetch'd;Chilling Reign;Normal;7;0.79;25.21;5.53
708;pokemon-chilling-reign/galarian-farfetch'd-reverse-holo-78;Galarian Farfetch'd;Chilling Reign;Reverse Holo;1;0.81;25.27;0.81
367;pokemon-chilling-reign/galarian-sirfetch'd-79;Galarian Sirfetch'd;Chilling Reign;Normal;1;1.21;26.79;1.21
389;pokemon-chilling-reign/galarian-slowking-vmax-100;Galarian Slowking VMAX;Chilling Reign;Normal;3;1.64;22.91;4.92
4;pokemon-chilling-reign/galarian-slowpoke-54;Galarian Slowpoke;Chilling Reign;Normal;9;0.98;11.1;8.82
1511;pokemon-chilling-reign/galarian-weezing-96;Galarian Weezing;Chilling Reign;Normal;1;1.12;26.45;1.12
1346;pokemon-chilling-reign/galarian-weezing-reverse-holo-96;Galarian Weezing;Chilling Reign;Reverse Holo;1;1.38;27.49;1.38
515;pokemon-chilling-reign/galarian-yamask-82;Galarian Yamask;Chilling Reign;Normal;5;0.79;0.0;3.95
316;pokemon-chilling-reign/gallade-81;Gallade;Chilling Reign;Normal;1;0.89;25.57;0.89
650;pokemon-chilling-reign/gallade-reverse-holo-81;Gallade;Chilling Reign;Reverse Holo;1;0.9;25.6;0.9
458;pokemon-chilling-reign/gastly-55;Gastly;Chilling Reign;Normal;4;1.32;28.62;5.28
365;pokemon-chilling-reign/golett-65;Golett;Chilling Reign;Normal;1;0.65;0.0;0.65
1396;pokemon-chilling-reign/grapploct-92;Grapploct;Chilling Reign;Normal;1;0.93;25.71;0.93
117;pokemon-chilling-reign/greedent-reverse-holo-128;Greedent;Chilling Reign;Reverse Holo;2;0.94;26.11;1.88
141;pokemon-chilling-reign/grookey-16;Grookey;Chilling Reign;Normal;3;0.89;25.32;2.67
476;pokemon-chilling-reign/grookey-reverse-holo-16;Grookey;Chilling Reign;Reverse Holo;1;0.97;26.26;0.97
899;pokemon-chilling-reign/hatenna-71;Hatenna;Chilling Reign;Normal;1;0.73;0.0;0.73
1492;pokemon-chilling-reign/hattrem-72;Hattrem;Chilling Reign;Normal;1;0.68;24.79;0.68
37;pokemon-chilling-reign/haunter-56;Haunter;Chilling Reign;Normal;3;1.29;29.6;3.87
575;pokemon-chilling-reign/haunter-reverse-holo-56;Haunter;Chilling Reign;Reverse Holo;1;1.12;26.51;1.12
259;pokemon-chilling-reign/heracross-6;Heracross;Chilling Reign;Normal;5;0.77;10.36;3.85
245;pokemon-chilling-reign/honey-142;Honey;Chilling Reign;Normal;2;0.87;25.49;1.74
1438;pokemon-chilling-reign/ice-rider-calyrex-vmax-46;Ice Rider Calyrex VMAX;Chilling Reign;Normal;1;1.48;19.31;1.48
643;pokemon-chilling-reign/inkay-69;Inkay;Chilling Reign;Normal;1;0.98;41.11;0.98
557;pokemon-chilling-reign/inkay-reverse-holo-69;Inkay;Chilling Reign;Reverse Holo;1;0.73;25.69;0.73
320;pokemon-chilling-reign/inteleon-43;Inteleon;Chilling Reign;Normal;1;1.14;0.0;1.14
1159;pokemon-chilling-reign/justified-gloves-143;Justified Gloves;Chilling Reign;Normal;1;0.91;25.66;0.91
24;pokemon-chilling-reign/justified-gloves-reverse-holo-143;Justified Gloves;Chilling Reign;Reverse Holo;1;0.85;25.43;0.85
78;pokemon-chilling-reign/kakuna-2;Kakuna;Chilling Reign;Normal;3;0.73;24.99;2.19
1441;pokemon-chilling-reign/karen's-conviction-144;Karen's Conviction;Chilling Reign;Normal;2;0.73;24.99;1.46
153;pokemon-chilling-reign/karen's-conviction-216;Karen's Conviction;Chilling Reign;Normal;1;4.97;29.6;4.97
1249;pokemon-chilling-reign/kecleon-122;Kecleon;Chilling Reign;Normal;1;0.95;12.21;0.95
1426;pokemon-chilling-reign/kirlia-60;Kirlia;Chilling Reign;Normal;1;0.99;25.94;0.99
73;pokemon-chilling-reign/klara-145;Klara;Chilling Reign;Normal;2;1.21;20.88;2.42
27;pokemon-chilling-reign/klara-reverse-holo-145;Klara;Chilling Reign;Reverse Holo;4;0.87;33.29;3.48
49;pokemon-chilling-reign/koffing-94;Koffing;Chilling Reign;Normal;11;0.98;36.99;10.78
318;pokemon-chilling-reign/kubfu-93;Kubfu;Chilling Reign;Normal;6;1.16;26.62;6.96
113;pokemon-chilling-reign/lairon-110;Lairon;Chilling Reign;Normal;4;0.61;24.51;2.44
1805;pokemon-chilling-reign/lapras-29;Lapras;Chilling Reign;Normal;1;0.83;25.21;0.83
1550;pokemon-chilling-reign/ledian-5;Ledian;Chilling Reign;Normal;1;0.73;25.04;0.73
437;pokemon-chilling-reign/ledyba-4;Ledyba;Chilling Reign;Normal;2;0.53;24.17;1.06
18;pokemon-chilling-reign/lucky-energy-158;Lucky Energy;Chilling Reign;Normal;2;1.1;26.34;2.2
498;pokemon-chilling-reign/lycanroc-holo-87;Lycanroc;Chilling Reign;Holo;3;0.99;74.0;2.97
6;pokemon-chilling-reign/mareep-47;Mareep;Chilling Reign;Normal;2;0.75;25.07;1.5
1090;pokemon-chilling-reign/metagross-vmax-113;Metagross VMAX;Chilling Reign;Normal;1;1.75;30.01;1.75
483;pokemon-chilling-reign/old-cemetery-147;Old Cemetery;Chilling Reign;Normal;1;0.93;25.71;0.93
1280;pokemon-chilling-reign/old-cemetery-reverse-holo-147;Old Cemetery;Chilling Reign;Reverse Holo;1;1.44;27.69;1.44
203;pokemon-chilling-reign/path-to-the-peak-148;Path to the Peak;Chilling Reign;Normal;1;1.21;26.82;1.21
421;pokemon-chilling-reign/peonia-149;Peonia;Chilling Reign;Normal;5;0.89;25.57;4.45
402;pokemon-chilling-reign/peony-150;Peony;Chilling Reign;Normal;3;0.88;25.55;2.64
340;pokemon-chilling-reign/peony-reverse-holo-150;Peony;Chilling Reign;Reverse Holo;1;0.91;25.66;0.91
446;pokemon-chilling-reign/porygon-116;Porygon;Chilling Reign;Normal;5;0.88;25.55;4.4
755;pokemon-chilling-reign/porygon-z-118;Porygon-Z;Chilling Reign;Normal;1;1.05;34.25;1.05
494;pokemon-chilling-reign/porygon2-117;Porygon2;Chilling Reign;Normal;3;0.95;25.63;2.85
466;pokemon-chilling-reign/qwilfish-101;Qwilfish;Chilling Reign;Normal;7;0.77;25.15;5.39
892;pokemon-chilling-reign/raboot-27;Raboot;Chilling Reign;Normal;3;0.98;25.8;2.94
213;pokemon-chilling-reign/ralts-59;Ralts;Chilling Reign;Normal;5;1.07;11.1;5.35
1048;pokemon-chilling-reign/rapid-strike-scroll-of-the-skies-151;Rapid Strike Scroll of the Skies;Chilling Reign;Normal;5;0.85;25.43;4.25
1122;pokemon-chilling-reign/rockruff-86;Rockruff;Chilling Reign;Normal;1;0.98;11.1;0.98
1655;pokemon-chilling-reign/sawsbuck-12;Sawsbuck;Chilling Reign;Normal;1;0.94;25.77;0.94
859;pokemon-chilling-reign/scolipede-107;Scolipede;Chilling Reign;Normal;1;0.98;25.6;0.98
53;pokemon-chilling-reign/scorbunny-26;Scorbunny;Chilling Reign;Normal;3;0.84;25.32;2.52
255;pokemon-chilling-reign/sealeo-38;Sealeo;Chilling Reign;Normal;4;0.87;0.0;3.48
445;pokemon-chilling-reign/seviper-102;Seviper;Chilling Reign;Normal;1;0.96;25.86;0.96
412;pokemon-chilling-reign/shuppet-62;Shuppet;Chilling Reign;Normal;2;0.64;5.55;1.28
876;pokemon-chilling-reign/siebold-reverse-holo-153;Siebold;Chilling Reign;Reverse Holo;1;1.09;26.34;1.09
3;pokemon-chilling-reign/single-strike-scroll-of-piercing-154;Single Strike Scroll of Piercing;Chilling Reign;Normal;2;1.0;0.0;2.0
1449;pokemon-chilling-reign/skwovet-127;Skwovet;Chilling Reign;Normal;3;0.76;25.1;2.28
870;pokemon-chilling-reign/slurpuff-68;Slurpuff;Chilling Reign;Normal;2;1.01;25.55;2.02
88;pokemon-chilling-reign/sneasel-30;Sneasel;Chilling Reign;Normal;6;0.83;25.35;4.98
1;pokemon-chilling-reign/snorunt-35;Snorunt;Chilling Reign;Normal;5;1.1;0.0;5.5
1047;pokemon-chilling-reign/snorunt-reverse-holo-35;Snorunt;Chilling Reign;Reverse Holo;1;1.04;26.17;1.04
168;pokemon-chilling-reign/snover-9;Snover;Chilling Reign;Normal;4;0.73;24.99;2.92
763;pokemon-chilling-reign/sobble-41;Sobble;Chilling Reign;Normal;5;1.08;26.31;5.4
45;pokemon-chilling-reign/spheal-37;Spheal;Chilling Reign;Normal;1;0.53;24.23;0.53
574;pokemon-chilling-reign/spiral-energy-159;Spiral Energy;Chilling Reign;Normal;4;0.93;25.71;3.72
1354;pokemon-chilling-reign/steenee-14;Steenee;Chilling Reign;Normal;1;0.78;26.4;0.78
504;pokemon-chilling-reign/steenee-reverse-holo-14;Steenee;Chilling Reign;Reverse Holo;1;0.87;25.46;0.87
488;pokemon-chilling-reign/swirlix-67;Swirlix;Chilling Reign;Normal;4;0.99;25.46;3.96
711;pokemon-chilling-reign/thundurus-52;Thundurus;Chilling Reign;Normal;1;1.09;26.34;1.09
845;pokemon-chilling-reign/thundurus-reverse-holo-52;Thundurus;Chilling Reign;Reverse Holo;1;1.26;27.01;1.26
1509;pokemon-chilling-reign/tsareena-15;Tsareena;Chilling Reign;Normal;1;0.96;25.86;0.96
95;pokemon-chilling-reign/venipede-105;Venipede;Chilling Reign;Normal;5;0.83;25.35;4.15
667;pokemon-chilling-reign/volcanion-v-25;Volcanion V;Chilling Reign;Normal;1;1.55;15.17;1.55
1338;pokemon-chilling-reign/volcarona-24;Volcarona;Chilling Reign;Normal;1;0.97;25.89;0.97
1247;pokemon-chilling-reign/walrein-39;Walrein;Chilling Reign;Normal;1;0.96;25.8;0.96
764;pokemon-chilling-reign/weeding-gloves-155;Weeding Gloves;Chilling Reign;Normal;2;0.74;0.0;1.48
96;pokemon-chilling-reign/weedle-1;Weedle;Chilling Reign;Normal;6;0.98;25.94;5.88
284;pokemon-chilling-reign/weezing-reverse-holo-95;Weezing;Chilling Reign;Reverse Holo;1;1.03;26.11;1.03
101;pokemon-chilling-reign/whirlipede-106;Whirlipede;Chilling Reign;Normal;7;0.74;25.01;5.18
33;pokemon-chilling-reign/zebstrika-reverse-holo-51;Zebstrika;Chilling Reign;Reverse Holo;1;0.87;25.49;0.87
199;pokemon-crown-zenith/absol-reverse-holo-76;Absol;Crown Zenith;Reverse Holo;1;1.39;27.68;1.39
699;pokemon-crown-zenith/altaria-gg19;Altaria #GG19;Crown Zenith;Normal;1;2.7;48.1;2.7
491;pokemon-crown-zenith/aron-87;Aron;Crown Zenith;Normal;5;0.81;25.4;4.05
479;pokemon-crown-zenith/baltoy-70;Baltoy;Crown Zenith;Normal;5;0.27;0.0;1.35
1031;pokemon-crown-zenith/baltoy-reverse-holo-70;Baltoy;Crown Zenith;Reverse Holo;1;0.98;26.05;0.98
1141;pokemon-crown-zenith/bea-123;Bea;Crown Zenith;Normal;1;1.1;22.33;1.1
227;pokemon-crown-zenith/bellossom-3;Bellossom;Crown Zenith;Normal;4;0.88;25.67;3.52
69;pokemon-crown-zenith/bidoof-111;Bidoof;Crown Zenith;Normal;3;0.73;25.49;2.19
79;pokemon-crown-zenith/bisharp-93;Bisharp;Crown Zenith;Normal;6;0.73;25.09;4.38
868;pokemon-crown-zenith/carnivine-12;Carnivine;Crown Zenith;Normal;2;0.69;24.92;1.38
57;pokemon-crown-zenith/chatot-112;Chatot;Crown Zenith;Normal;3;0.74;25.12;2.22
349;pokemon-crown-zenith/cherubi-11;Cherubi;Crown Zenith;Normal;2;0.74;25.12;1.48
807;pokemon-crown-zenith/cherubi-reverse-holo-11;Cherubi;Crown Zenith;Reverse Holo;1;1.25;27.13;1.25
891;pokemon-crown-zenith/corphish-33;Corphish;Crown Zenith;Normal;4;0.99;0.0;3.96
327;pokemon-crown-zenith/corphish-reverse-holo-33;Corphish;Crown Zenith;Reverse Holo;1;1.25;27.14;1.25
1662;pokemon-crown-zenith/crushing-hammer-125;Crushing Hammer;Crown Zenith;Normal;1;0.78;25.29;0.78
431;pokemon-crown-zenith/digging-duo-126;Digging Duo;Crown Zenith;Normal;4;1.1;0.0;4.4
502;pokemon-crown-zenith/ditto-107;Ditto;Crown Zenith;Normal;3;1.73;28.66;5.19
966;pokemon-crown-zenith/dragalge-82;Dragalge;Crown Zenith;Normal;4;0.98;26.08;3.92
70;pokemon-crown-zenith/dubwool-122;Dubwool;Crown Zenith;Normal;5;0.88;25.67;4.4
536;pokemon-crown-zenith/dunsparce-gg23;Dunsparce #GG23;Crown Zenith;Normal;1;1.65;31.92;1.65
501;pokemon-crown-zenith/dusclops-63;Dusclops;Crown Zenith;Normal;4;0.73;25.09;2.92
456;pokemon-crown-zenith/eelektrik-48;Eelektrik;Crown Zenith;Normal;5;0.67;0.0;3.35
356;pokemon-crown-zenith/eevee-v-108;Eevee V;Crown Zenith;Normal;1;2.77;35.85;2.77
46;pokemon-crown-zenith/emolga-47;Emolga;Crown Zenith;Normal;5;0.78;25.26;3.9
1325;pokemon-crown-zenith/enamorus-67;Enamorus;Crown Zenith;Normal;2;0.73;25.09;1.46
143;pokemon-crown-zenith/energy-retrieval-127;Energy Retrieval;Crown Zenith;Normal;1;0.89;25.61;0.89
1333;pokemon-crown-zenith/energy-search-128;Energy Search;Crown Zenith;Normal;2;1.0;26.14;2.0
13;pokemon-crown-zenith/energy-switch-129;Energy Switch;Crown Zenith;Normal;3;0.73;25.09;2.19
405;pokemon-crown-zenith/exeggcute-57;Exeggcute;Crown Zenith;Normal;4;0.73;0.0;2.92
1095;pokemon-crown-zenith/fighting-energy-holo-157;Fighting Energy;Crown Zenith;Holo;1;2.21;32.29;2.21
1788;pokemon-crown-zenith/friends-in-sinnoh-131;Friends in Sinnoh;Crown Zenith;Normal;1;0.76;25.17;0.76
620;pokemon-crown-zenith/galarian-meowth-84;Galarian Meowth;Crown Zenith;Normal;4;0.81;25.41;3.24
692;pokemon-crown-zenith/galarian-mr-mime-30;Galarian Mr. Mime;Crown Zenith;Normal;4;0.58;22.16;2.32
127;pokemon-crown-zenith/galarian-perrserker-85;Galarian Perrserker;Crown Zenith;Normal;1;0.92;25.82;0.92
184;pokemon-crown-zenith/girafarig-61;Girafarig;Crown Zenith;Normal;3;0.73;25.09;2.19
1747;pokemon-crown-zenith/glaceon-vstar-gg40;Glaceon VSTAR #GG40;Crown Zenith;Normal;1;25.9;95.46;25.9
378;pokemon-crown-zenith/gloom-2;Gloom;Crown Zenith;Normal;4;0.73;25.09;2.92
1545;pokemon-crown-zenith/grass-energy-holo-152;Grass Energy;Crown Zenith;Holo;1;2.58;14.05;2.58
14;pokemon-crown-zenith/graveler-68;Graveler;Crown Zenith;Normal;6;0.73;25.09;4.38
908;pokemon-crown-zenith/great-ball-132;Great Ball;Crown Zenith;Normal;2;0.81;25.26;1.62
492;pokemon-crown-zenith/great-ball-reverse-holo-132;Great Ball;Crown Zenith;Reverse Holo;1;1.25;27.14;1.25
16;pokemon-crown-zenith/grubbin-15;Grubbin;Crown Zenith;Normal;5;0.73;0.0;3.65
521;pokemon-crown-zenith/hatterene-vmax-66;Hatterene VMAX;Crown Zenith;Normal;1;1.58;19.97;1.58
925;pokemon-crown-zenith/heliolisk-50;Heliolisk;Crown Zenith;Normal;1;0.89;25.76;0.89
590;pokemon-crown-zenith/helioptile-49;Helioptile;Crown Zenith;Normal;2;0.73;0.0;1.46
50;pokemon-crown-zenith/helioptile-reverse-holo-49;Helioptile;Crown Zenith;Reverse Holo;4;1.47;18.5;5.88
709;pokemon-crown-zenith/hisuian-samurott-vstar-gg52;Hisuian Samurott VStar #GG52;Crown Zenith;Normal;3;6.47;41.41;19.41
1022;pokemon-crown-zenith/hoopa-83;Hoopa;Crown Zenith;Normal;1;1.07;12.67;1.07
30;pokemon-crown-zenith/keldeo-gg07;Keldeo #GG07;Crown Zenith;Normal;3;4.87;53.95;14.61
341;pokemon-crown-zenith/koffing-75;Koffing;Crown Zenith;Normal;6;0.73;0.0;4.38
163;pokemon-crown-zenith/kricketot-10;Kricketot;Crown Zenith;Normal;4;0.87;0.0;3.48
351;pokemon-crown-zenith/krokorok-79;Krokorok;Crown Zenith;Normal;2;0.84;25.5;1.68
631;pokemon-crown-zenith/lairon-88;Lairon;Crown Zenith;Normal;3;0.93;25.85;2.79
206;pokemon-crown-zenith/larvesta-24;Larvesta;Crown Zenith;Normal;7;0.73;25.09;5.11
9;pokemon-crown-zenith/larvesta-reverse-holo-24;Larvesta;Crown Zenith;Reverse Holo;4;1.15;26.72;4.6
1489;pokemon-crown-zenith/liepard-78;Liepard;Crown Zenith;Normal;1;0.84;25.5;0.84
249;pokemon-crown-zenith/lunatone-62;Lunatone;Crown Zenith;Normal;2;2.15;30.31;4.3
81;pokemon-crown-zenith/luvdisc-35;Luvdisc;Crown Zenith;Normal;3;0.73;0.0;2.19
1174;pokemon-crown-zenith/luxio-41;Luxio;Crown Zenith;Normal;3;0.8;25.32;2.4
98;pokemon-crown-zenith/luxio-42;Luxio;Crown Zenith;Normal;2;0.95;25.94;1.9
63;pokemon-crown-zenith/luxray-43;Luxray;Crown Zenith;Normal;3;0.89;25.7;2.67
594;pokemon-crown-zenith/metang-90;Metang;Crown Zenith;Normal;6;0.73;15.91;4.38
102;pokemon-crown-zenith/nessa-reverse-holo-136;Nessa;Crown Zenith;Reverse Holo;1;1.27;30.55;1.27
61;pokemon-crown-zenith/oddish-1;Oddish;Crown Zenith;Normal;10;0.73;25.09;7.3
1377;pokemon-crown-zenith/oddish-reverse-holo-1;Oddish;Crown Zenith;Reverse Holo;1;1.25;27.31;1.25
1046;pokemon-crown-zenith/oranguru-reverse-holo-119;Oranguru;Crown Zenith;Reverse Holo;1;1.16;26.75;1.16
485;pokemon-crown-zenith/oricorio-gg04;Oricorio #GG04;Crown Zenith;Normal;5;2.12;36.62;10.6
782;pokemon-crown-zenith/pancham-72;Pancham;Crown Zenith;Normal;7;0.73;25.09;5.11
303;pokemon-crown-zenith/pangoro-80;Pangoro;Crown Zenith;Normal;3;0.87;11.1;2.61
28;pokemon-crown-zenith/pawniard-91;Pawniard;Crown Zenith;Normal;6;0.73;0.0;4.38
366;pokemon-crown-zenith/pawniard-92;Pawniard;Crown Zenith;Normal;6;0.98;26.03;5.88
132;pokemon-crown-zenith/pawniard-reverse-holo-91;Pawniard;Crown Zenith;Reverse Holo;3;1.11;26.57;3.33
1628;pokemon-crown-zenith/pikachu-160;Pikachu;Crown Zenith;Normal;1;27.52;184.05;27.52
306;pokemon-crown-zenith/pincurchin-56;Pincurchin;Crown Zenith;Normal;6;0.76;25.2;4.56
1018;pokemon-crown-zenith/pincurchin-reverse-holo-56;Pincurchin;Crown Zenith;Reverse Holo;1;1.09;26.48;1.09
584;pokemon-crown-zenith/poke-ball-137;Poke Ball;Crown Zenith;Normal;1;0.81;25.41;0.81
335;pokemon-crown-zenith/pokemon-catcher-138;Pokemon Catcher;Crown Zenith;Normal;3;0.68;24.88;2.04
34;pokemon-crown-zenith/purrloin-77;Purrloin;Crown Zenith;Normal;3;0.73;25.09;2.19
1161;pokemon-crown-zenith/radiant-charjabug-51;Radiant Charjabug;Crown Zenith;Normal;1;1.11;19.24;1.11
420;pokemon-crown-zenith/rare-candy-141;Rare Candy;Crown Zenith;Normal;3;0.73;25.09;2.19
582;pokemon-crown-zenith/rescue-carrier-142;Rescue Carrier;Crown Zenith;Normal;4;0.9;25.73;3.6
87;pokemon-crown-zenith/riolu-71;Riolu;Crown Zenith;Normal;5;0.79;25.29;3.95
164;pokemon-crown-zenith/rockruff-73;Rockruff;Crown Zenith;Normal;5;0.73;25.09;3.65
197;pokemon-crown-zenith/salandit-27;Salandit;Crown Zenith;Normal;9;0.7;25.0;6.3
107;pokemon-crown-zenith/salazzle-28;Salazzle;Crown Zenith;Normal;6;0.87;25.61;5.22
439;pokemon-crown-zenith/scyther-6;Scyther;Crown Zenith;Normal;5;0.75;25.17;3.75
195;pokemon-crown-zenith/seel-29;Seel;Crown Zenith;Normal;4;0.73;25.09;2.92
124;pokemon-crown-zenith/seel-reverse-holo-29;Seel;Crown Zenith;Reverse Holo;3;1.4;11.1;4.2
83;pokemon-crown-zenith/shaymin-115;Shaymin;Crown Zenith;Normal;2;0.8;25.26;1.6
109;pokemon-crown-zenith/shinx-39;Shinx;Crown Zenith;Normal;5;1.04;26.28;5.2
7;pokemon-crown-zenith/shinx-40;Shinx;Crown Zenith;Normal;6;1.09;26.48;6.54
390;pokemon-crown-zenith/skrelp-81;Skrelp;Crown Zenith;Normal;1;0.73;25.09;0.73
232;pokemon-crown-zenith/snorunt-34;Snorunt;Crown Zenith;Normal;4;0.73;25.09;2.92
82;pokemon-crown-zenith/solrock-69;Solrock;Crown Zenith;Normal;5;1.35;27.54;6.75
922;pokemon-crown-zenith/solrock-gg15;Solrock #GG15;Crown Zenith;Normal;1;1.91;34.78;1.91
175;pokemon-crown-zenith/starly-110;Starly;Crown Zenith;Normal;5;1.0;0.0;5.0
713;pokemon-crown-zenith/stoutland-v-116;Stoutland V;Crown Zenith;Normal;3;1.1;14.81;3.3
29;pokemon-crown-zenith/sunkern-7;Sunkern;Crown Zenith;Normal;6;0.73;25.09;4.38
139;pokemon-crown-zenith/sunkern-reverse-holo-7;Sunkern;Crown Zenith;Reverse Holo;3;0.76;25.29;2.28
393;pokemon-crown-zenith/switch-144;Switch;Crown Zenith;Normal;3;0.98;26.08;2.94
305;pokemon-crown-zenith/tangela-4;Tangela;Crown Zenith;Normal;3;0.88;25.64;2.64
60;pokemon-crown-zenith/tangrowth-reverse-holo-5;Tangrowth;Crown Zenith;Reverse Holo;1;1.22;27.01;1.22
1542;pokemon-crown-zenith/tapu-lele-64;Tapu Lele;Crown Zenith;Normal;1;1.0;13.31;1.0
937;pokemon-crown-zenith/trekking-shoes-145;Trekking Shoes;Crown Zenith;Normal;3;1.11;26.57;3.33
428;pokemon-crown-zenith/trekking-shoes-prize-pack-145;Trekking Shoes [Prize Pack];Crown Zenith;Normal;3;2.18;30.95;6.54
803;pokemon-crown-zenith/turtwig-gg31;Turtwig #GG31;Crown Zenith;Normal;1;3.15;53.28;3.15
799;pokemon-crown-zenith/ultra-ball-146;Ultra Ball;Crown Zenith;Normal;5;0.73;25.29;3.65
416;pokemon-crown-zenith/volcanion-26;Volcanion;Crown Zenith;Normal;3;1.1;17.75;3.3
120;pokemon-crown-zenith/volcanion-reverse-holo-26;Volcanion;Crown Zenith;Reverse Holo;3;1.18;12.21;3.54
816;pokemon-crown-zenith/volcarona-reverse-holo-25;Volcarona;Crown Zenith;Reverse Holo;5;1.1;26.54;5.5
655;pokemon-crown-zenith/wailmer-31;Wailmer;Crown Zenith;Normal;5;0.73;25.09;3.65
541;pokemon-crown-zenith/wailmer-reverse-holo-31;Wailmer;Crown Zenith;Reverse Holo;1;1.16;51.8;1.16
262;pokemon-crown-zenith/wooloo-121;Wooloo;Crown Zenith;Normal;4;0.74;25.12;2.96
25;pokemon-crown-zenith/yanma-8;Yanma;Crown Zenith;Normal;6;0.73;0.0;4.38
39;pokemon-crown-zenith/yungoos-117;Yungoos;Crown Zenith;Normal;5;0.92;0.0;4.6
1398;pokemon-crown-zenith/zamazenta-97;Zamazenta;Crown Zenith;Normal;1;1.25;22.2;1.25
1227;pokemon-crown-zenith/zamazenta-v-98;Zamazenta V;Crown Zenith;Normal;1;0.98;19.98;0.98
167;pokemon-crown-zenith/zarude-reverse-holo-16;Zarude;Crown Zenith;Reverse Holo;3;1.24;11.1;3.72
126;pokemon-crown-zenith/zeraora-52;Zeraora;Crown Zenith;Normal;4;0.92;25.82;3.68
784;pokemon-crown-zenith/zeraora-vmax-54;Zeraora VMAX;Crown Zenith;Normal;1;1.95;18.49;1.95
382;pokemon-destined-rivals/arven's-toedscool-109;Arven's Toedscool;Destined Rivals;Normal;1;2.22;0.0;2.22
464;pokemon-destined-rivals/breloom-6;Breloom;Destined Rivals;Normal;1;0.56;24.92;0.56
1230;pokemon-destined-rivals/buizel-57;Buizel;Destined Rivals;Normal;1;0.99;27.0;0.99
1164;pokemon-destined-rivals/cornerstone-mask-ogerpon-111;Cornerstone Mask Ogerpon;Destined Rivals;Normal;1;1.54;29.65;1.54
1187;pokemon-destined-rivals/hippopotas-105;Hippopotas;Destined Rivals;Normal;1;0.01;0.0;0.01
886;pokemon-destined-rivals/lurantis-14;Lurantis;Destined Rivals;Normal;1;1.0;27.04;1.0
1731;pokemon-destined-rivals/manectric-reverse-holo-76;Manectric;Destined Rivals;Reverse Holo;1;1.78;30.8;1.78
1532;pokemon-destined-rivals/marnie's-impidimp-134;Marnie's Impidimp;Destined Rivals;Normal;1;0.82;27.4;0.82
732;pokemon-destined-rivals/medicham-100;Medicham;Destined Rivals;Normal;1;0.56;26.68;0.56
252;pokemon-destined-rivals/mudbray-107;Mudbray;Destined Rivals;Normal;1;0.01;0.0;0.01
370;pokemon-destined-rivals/primeape-reverse-holo-91;Primeape;Destined Rivals;Reverse Holo;1;1.0;27.04;1.0
906;pokemon-destined-rivals/regirock-ex-101;Regirock ex;Destined Rivals;Normal;1;1.07;25.9;1.07
550;pokemon-destined-rivals/snover-59;Snover;Destined Rivals;Normal;1;0.5;23.74;0.5
1024;pokemon-destined-rivals/spikemuth-gym-169;Spikemuth Gym;Destined Rivals;Normal;1;0.98;26.93;0.98
1571;pokemon-destined-rivals/team-rocket's-arbok-113;Team Rocket's Arbok;Destined Rivals;Normal;1;0.81;31.78;0.81
1179;pokemon-destined-rivals/team-rocket's-articuno-51;Team Rocket's Articuno;Destined Rivals;Normal;1;1.18;116.92;1.18
522;pokemon-destined-rivals/team-rocket's-factory-173;Team Rocket's Factory;Destined Rivals;Normal;1;1.67;30.35;1.67
1328;pokemon-destined-rivals/team-rocket's-hypno-80;Team Rocket's Hypno;Destined Rivals;Normal;1;0.73;25.71;0.73
943;pokemon-destined-rivals/team-rocket's-porygon-153;Team Rocket's Porygon;Destined Rivals;Normal;1;1.06;27.65;1.06
270;pokemon-evolving-skies/bagon-107;Bagon;Evolving Skies;Normal;1;0.7;24.87;0.7
1418;pokemon-evolving-skies/copycat-143;Copycat;Evolving Skies;Normal;1;1.07;27.37;1.07
52;pokemon-evolving-skies/drowzee-61;Drowzee;Evolving Skies;Normal;1;0.53;9.06;0.53
66;pokemon-evolving-skies/eldgoss-holo-16;Eldgoss;Evolving Skies;Holo;1;0.74;0.0;0.74
1400;pokemon-evolving-skies/feebas-37;Feebas;Evolving Skies;Normal;1;0.99;26.0;0.99
1466;pokemon-evolving-skies/hitmonchan-81;Hitmonchan;Evolving Skies;Normal;1;1.24;25.83;1.24
1595;pokemon-evolving-skies/lotad-32;Lotad;Evolving Skies;Normal;1;0.73;24.98;0.73
710;pokemon-evolving-skies/luvdisc-39;Luvdisc;Evolving Skies;Normal;1;1.05;26.2;1.05
979;pokemon-evolving-skies/pumpkaboo-76;Pumpkaboo;Evolving Skies;Normal;1;1.18;26.17;1.18
1067;pokemon-evolving-skies/pyroar-23;Pyroar;Evolving Skies;Normal;1;0.95;17.75;0.95
1262;pokemon-evolving-skies/scraggy-98;Scraggy;Evolving Skies;Normal;1;0.67;24.73;0.67
714;pokemon-evolving-skies/scroll-of-the-flying-dragon-153;Scroll of the Flying Dragon;Evolving Skies;Normal;1;0.73;24.98;0.73
99;pokemon-evolving-skies/seedot-5;Seedot;Evolving Skies;Normal;1;0.48;0.0;0.48
337;pokemon-evolving-skies/seismitoad-90;Seismitoad;Evolving Skies;Normal;1;0.79;25.21;0.79
374;pokemon-evolving-skies/skiploom-3;Skiploom;Evolving Skies;Normal;1;0.93;25.71;0.93
639;pokemon-evolving-skies/slakoth-129;Slakoth;Evolving Skies;Normal;1;0.73;24.98;0.73
392;pokemon-evolving-skies/swoobat-69;Swoobat;Evolving Skies;Normal;1;0.5;0.0;0.5
640;pokemon-evolving-skies/tentacool-26;Tentacool;Evolving Skies;Normal;1;0.95;25.77;0.95
924;pokemon-evolving-skies/ursaring-127;Ursaring;Evolving Skies;Normal;1;0.69;9.94;0.69
1457;pokemon-fusion-strike/bug-catcher-226;Bug Catcher;Fusion Strike;Normal;1;0.9;25.6;0.9
834;pokemon-fusion-strike/centiskorch-48;Centiskorch;Fusion Strike;Normal;1;0.82;25.35;0.82
560;pokemon-fusion-strike/chansey-reverse-holo-202;Chansey;Fusion Strike;Reverse Holo;1;0.78;25.18;0.78
1002;pokemon-fusion-strike/charjabug-100;Charjabug;Fusion Strike;Normal;1;0.95;25.83;0.95
940;pokemon-fusion-strike/chewtle-80;Chewtle;Fusion Strike;Normal;1;0.98;25.38;0.98
1296;pokemon-fusion-strike/cook-228;Cook;Fusion Strike;Normal;1;0.93;25.83;0.93
768;pokemon-fusion-strike/dewpider-19;Dewpider;Fusion Strike;Normal;1;0.45;0.0;0.45
686;pokemon-fusion-strike/excadrill-183;Excadrill;Fusion Strike;Normal;1;0.73;24.98;0.73
913;pokemon-fusion-strike/falinks-155;Falinks;Fusion Strike;Normal;1;0.61;24.56;0.61
693;pokemon-fusion-strike/galarian-darumaka-71;Galarian Darumaka;Fusion Strike;Normal;1;0.88;25.54;0.88
1473;pokemon-fusion-strike/galarian-darumaka-reverse-holo-71;Galarian Darumaka;Fusion Strike;Reverse Holo;1;0.96;25.86;0.96
671;pokemon-fusion-strike/genesect-v-185-holo;Genesect V;Fusion Strike;Holo;1;1.1;21.16;1.1
1454;pokemon-fusion-strike/growlithe-32;Growlithe;Fusion Strike;Normal;1;0.99;25.97;0.99
1216;pokemon-fusion-strike/indeedee-127;Indeedee;Fusion Strike;Normal;1;0.81;25.26;0.81
385;pokemon-fusion-strike/judge-235;Judge;Fusion Strike;Normal;1;1.01;78.25;1.01
1725;pokemon-fusion-strike/magcargo-35;Magcargo;Fusion Strike;Normal;1;0.81;25.26;0.81
323;pokemon-fusion-strike/onix-138;Onix;Fusion Strike;Normal;1;0.55;24.31;0.55
67;pokemon-fusion-strike/pansear-37;Pansear;Fusion Strike;Normal;1;0.73;24.98;0.73
907;pokemon-fusion-strike/tynamo-95;Tynamo;Fusion Strike;Normal;1;0.88;25.35;0.88
1036;pokemon-fusion-strike/vullaby-172;Vullaby;Fusion Strike;Normal;1;0.95;0.0;0.95
685;pokemon-go/aipom-56;Aipom;Pokemon Go;Normal;22;0.37;23.63;8.14
718;pokemon-go/aipom-reverse-holo-56;Aipom;Pokemon Go;Reverse Holo;2;1.08;26.36;2.16
1387;pokemon-go/alolan-exeggutor-v-5;Alolan Exeggutor V;Pokemon Go;Normal;1;0.93;16.93;0.93
186;pokemon-go/alolan-exeggutor-v-71;Alolan Exeggutor V;Pokemon Go;Normal;4;2.15;22.2;8.6
110;pokemon-go/alolan-raticate-42;Alolan Raticate;Pokemon Go;Normal;28;0.89;11.83;24.92
1177;pokemon-go/alolan-raticate-reverse-holo-42;Alolan Raticate;Pokemon Go;Reverse Holo;2;0.91;25.68;1.82
147;pokemon-go/alolan-rattata-41;Alolan Rattata;Pokemon Go;Normal;21;0.73;11.83;15.33
847;pokemon-go/alolan-rattata-reverse-holo-41;Alolan Rattata;Pokemon Go;Reverse Holo;3;0.98;26.02;2.94
260;pokemon-go/ambipom-57;Ambipom;Pokemon Go;Normal;17;0.73;25.02;12.41
800;pokemon-go/ambipom-reverse-holo-57;Ambipom;Pokemon Go;Reverse Holo;1;0.98;26.13;0.98
576;pokemon-go/ariados-7;Ariados;Pokemon Go;Normal;17;0.77;25.16;13.09
1144;pokemon-go/ariados-reverse-holo-7;Ariados;Pokemon Go;Reverse Holo;4;1.03;26.16;4.12
272;pokemon-go/articuno-holo-24;Articuno;Pokemon Go;Holo;9;1.21;25.13;10.89
58;pokemon-go/articuno-reverse-holo-24;Articuno;Pokemon Go;Reverse Holo;3;1.36;54.74;4.08
302;pokemon-go/bibarel-60;Bibarel;Pokemon Go;Normal;25;0.81;25.33;20.25
26;pokemon-go/bibarel-reverse-holo-60;Bibarel;Pokemon Go;Reverse Holo;3;1.14;26.59;3.42
918;pokemon-go/bidoof-59;Bidoof;Pokemon Go;Normal;26;0.88;25.02;22.88
1301;pokemon-go/bidoof-reverse-holo-59;Bidoof;Pokemon Go;Reverse Holo;3;4.92;147.99;14.76
1214;pokemon-go/blanche-64;Blanche;Pokemon Go;Normal;17;0.88;25.59;14.96
1612;pokemon-go/blanche-reverse-holo-64;Blanche;Pokemon Go;Reverse Holo;2;0.99;26.02;1.98
277;pokemon-go/blastoise-holo-17;Blastoise;Pokemon Go;Holo;5;1.83;44.51;9.15
833;pokemon-go/blastoise-reverse-holo-17;Blastoise;Pokemon Go;Reverse Holo;1;1.95;54.12;1.95
863;pokemon-go/blissey-cosmos-holo-52;Blissey [Cosmos Holo];Pokemon Go;Holo;1;1.46;43.69;1.46
239;pokemon-go/blissey-holo-52;Blissey;Pokemon Go;Holo;14;0.96;18.27;13.44
1791;pokemon-go/blissey-reverse-holo-52;Blissey;Pokemon Go;Reverse Holo;2;1.14;39.22;2.28
542;pokemon-go/bulbasaur-1;Bulbasaur;Pokemon Go;Normal;32;0.87;32.81;27.84
157;pokemon-go/bulbasaur-reverse-holo-1;Bulbasaur;Pokemon Go;Reverse Holo;6;1.07;66.6;6.42
1151;pokemon-go/camerupt-14;Camerupt;Pokemon Go;Normal;16;0.97;25.94;15.52
1166;pokemon-go/camerupt-reverse-holo-14;Camerupt;Pokemon Go;Reverse Holo;2;1.03;26.16;2.06
1071;pokemon-go/candela-65;Candela;Pokemon Go;Normal;15;0.94;25.82;14.1
687;pokemon-go/chansey-51;Chansey;Pokemon Go;Normal;27;0.78;11.83;21.06
257;pokemon-go/chansey-reverse-holo-51;Chansey;Pokemon Go;Reverse Holo;4;0.92;22.16;3.68
210;pokemon-go/charizard-10;Charizard;Pokemon Go;Normal;11;1.47;59.73;16.17
1107;pokemon-go/charizard-reverse-holo-10;Charizard;Pokemon Go;Reverse Holo;5;2.33;72.68;11.65
518;pokemon-go/charmander-8;Charmander;Pokemon Go;Normal;19;0.74;19.24;14.06
499;pokemon-go/charmander-reverse-holo-8;Charmander;Pokemon Go;Reverse Holo;7;1.38;22.2;9.66
100;pokemon-go/charmeleon-9;Charmeleon;Pokemon Go;Normal;18;1.05;13.69;18.9
1738;pokemon-go/charmeleon-reverse-holo-9;Charmeleon;Pokemon Go;Reverse Holo;1;1.95;18.12;1.95
873;pokemon-go/conkeldurr-v-40;Conkeldurr V;Pokemon Go;Normal;3;0.98;21.46;2.94
1198;pokemon-go/conkeldurr-v-73;Conkeldurr V;Pokemon Go;Normal;1;1.85;25.89;1.85
1658;pokemon-go/conkeldurr-v-74;Conkeldurr V;Pokemon Go;Normal;1;2.96;30.34;2.96
182;pokemon-go/ditto-holo-53;Ditto;Pokemon Go;Holo;3;2.92;48.18;8.76
411;pokemon-go/dragonite-v-49;Dragonite V;Pokemon Go;Normal;4;1.52;49.41;6.08
1641;pokemon-go/dragonite-v-76;Dragonite V;Pokemon Go;Normal;2;5.56;55.06;11.12
682;pokemon-go/dragonite-vstar-50;Dragonite VSTAR;Pokemon Go;Normal;2;2.01;30.07;4.02
923;pokemon-go/eevee-54;Eevee;Pokemon Go;Normal;29;0.9;37.74;26.1
178;pokemon-go/eevee-reverse-holo-54;Eevee;Pokemon Go;Reverse Holo;4;1.32;23.5;5.28
409;pokemon-go/egg-incubator-66;Egg Incubator;Pokemon Go;Normal;23;1.38;26.64;31.74
135;pokemon-go/golisopod-holo-26;Golisopod;Pokemon Go;Holo;10;1.15;29.56;11.5
1716;pokemon-go/golisopod-reverse-holo-26;Golisopod;Pokemon Go;Reverse Holo;2;1.15;44.4;2.3
796;pokemon-go/gyarados-holo-22;Gyarados;Pokemon Go;Holo;11;1.0;26.76;11.0
1619;pokemon-go/gyarados-reverse-holo-22;Gyarados;Pokemon Go;Reverse Holo;2;1.1;26.85;2.2
159;pokemon-go/ivysaur-2;Ivysaur;Pokemon Go;Normal;16;0.98;11.83;15.68
1761;pokemon-go/ivysaur-reverse-holo-2;Ivysaur;Pokemon Go;Reverse Holo;1;1.47;22.19;1.47
339;pokemon-go/lapras-holo-23;Lapras;Pokemon Go;Holo;4;0.75;22.21;3.0
929;pokemon-go/lapras-reverse-holo-23;Lapras;Pokemon Go;Reverse Holo;1;1.1;59.16;1.1
649;pokemon-go/larvitar-37;Larvitar;Pokemon Go;Normal;29;0.7;11.83;20.3
40;pokemon-go/larvitar-reverse-holo-37;Larvitar;Pokemon Go;Reverse Holo;2;1.0;26.45;2.0
133;pokemon-go/lunatone-34;Lunatone;Pokemon Go;Normal;16;1.12;26.53;17.92
482;pokemon-go/lunatone-reverse-holo-34;Lunatone;Pokemon Go;Reverse Holo;4;1.19;27.13;4.76
381;pokemon-go/lure-module-67;Lure Module;Pokemon Go;Normal;23;0.55;24.31;12.65
451;pokemon-go/lure-module-reverse-holo-67;Lure Module;Pokemon Go;Reverse Holo;3;0.88;25.62;2.64
1128;pokemon-go/magikarp-21;Magikarp;Pokemon Go;Normal;28;1.05;11.83;29.4
835;pokemon-go/melmetal-holo-46;Melmetal;Pokemon Go;Holo;2;0.99;13.28;1.98
1206;pokemon-go/melmetal-reverse-holo-46;Melmetal;Pokemon Go;Reverse Holo;1;1.1;26.27;1.1
312;pokemon-go/melmetal-v-47;Melmetal V;Pokemon Go;Normal;3;1.02;15.16;3.06
363;pokemon-go/melmetal-v-75;Melmetal V;Pokemon Go;Normal;1;1.65;19.24;1.65
757;pokemon-go/melmetal-vmax-48;Melmetal VMAX;Pokemon Go;Normal;4;1.61;22.2;6.44
951;pokemon-go/melmetal-vmax-80;Melmetal VMAX;Pokemon Go;Normal;1;6.95;31.12;6.95
201;pokemon-go/meltan-45;Meltan;Pokemon Go;Normal;23;0.8;25.31;18.4
1294;pokemon-go/meltan-reverse-holo-45;Meltan;Pokemon Go;Reverse Holo;1;0.98;18.46;0.98
1583;pokemon-go/mewtwo-v-30;Mewtwo V;Pokemon Go;Normal;1;2.72;57.16;2.72
1638;pokemon-go/mewtwo-v-72;Mewtwo V;Pokemon Go;Normal;1;32.38;139.2;32.38
1681;pokemon-go/mewtwo-vstar-31;Mewtwo VSTAR;Pokemon Go;Normal;1;3.66;33.68;3.66
1289;pokemon-go/mewtwo-vstar-86;Mewtwo VSTAR;Pokemon Go;Normal;1;14.57;71.21;14.57
1099;pokemon-go/moltres-holo-12;Moltres;Pokemon Go;Holo;5;0.93;26.64;4.65
1154;pokemon-go/moltres-reverse-holo-12;Moltres;Pokemon Go;Reverse Holo;2;1.11;36.99;2.22
1150;pokemon-go/natu-32;Natu;Pokemon Go;Normal;19;0.84;25.42;15.96
64;pokemon-go/natu-reverse-holo-32;Natu;Pokemon Go;Reverse Holo;2;1.01;26.11;2.02
1040;pokemon-go/numel-13;Numel;Pokemon Go;Normal;31;0.84;11.83;26.04
1567;pokemon-go/numel-reverse-holo-13;Numel;Pokemon Go;Reverse Holo;3;1.81;52.22;5.43
517;pokemon-go/onix-36;Onix;Pokemon Go;Normal;31;0.75;11.83;23.25
1236;pokemon-go/onix-reverse-holo-36;Onix;Pokemon Go;Reverse Holo;2;1.27;33.26;2.54
774;pokemon-go/pidove-61;Pidove;Pokemon Go;Normal;31;0.75;25.14;23.25
148;pokemon-go/pidove-reverse-holo-61;Pidove;Pokemon Go;Reverse Holo;4;1.07;26.33;4.28
103;pokemon-go/pikachu-27;Pikachu;Pokemon Go;Normal;26;0.9;33.3;23.4
1045;pokemon-go/pikachu-cosmos-holo-27;Pikachu [Cosmos Holo];Pokemon Go;Holo;1;1.9;50.32;1.9
1125;pokemon-go/pikachu-holo-28;Pikachu;Pokemon Go;Holo;6;1.43;44.53;8.58
856;pokemon-go/pikachu-reverse-holo-27;Pikachu;Pokemon Go;Reverse Holo;3;1.09;62.16;3.27
181;pokemon-go/pikachu-reverse-holo-28;Pikachu;Pokemon Go;Reverse Holo;4;1.47;101.58;5.88
633;pokemon-go/pokestop-68;Pokestop;Pokemon Go;Normal;14;1.59;28.36;22.26
1384;pokemon-go/pokestop-reverse-holo-68;Pokestop;Pokemon Go;Reverse Holo;2;1.84;29.27;3.68
1149;pokemon-go/professor's-research-professor-willow-78;Professor's Research: Professor Willow;Pokemon Go;Normal;1;2.25;30.86;2.25
1175;pokemon-go/pupitar-38;Pupitar;Pokemon Go;Normal;16;1.24;26.7;19.84
720;pokemon-go/pupitar-reverse-holo-38;Pupitar;Pokemon Go;Reverse Holo;1;1.03;26.16;1.03
258;pokemon-go/radiant-charizard-11;Radiant Charizard;Pokemon Go;Normal;3;8.87;74.27;26.61
716;pokemon-go/radiant-venusaur-4;Radiant Venusaur;Pokemon Go;Normal;4;4.71;52.91;18.84
776;pokemon-go/rare-candy-69;Rare Candy;Pokemon Go;Normal;12;0.87;25.53;10.44
1329;pokemon-go/rare-candy-reverse-holo-69;Rare Candy;Pokemon Go;Reverse Holo;2;1.32;26.73;2.64
22;pokemon-go/slaking-v-58;Slaking V;Pokemon Go;Normal;4;0.98;22.25;3.92
1184;pokemon-go/slaking-v-77;Slaking V;Pokemon Go;Normal;1;1.89;29.53;1.89
208;pokemon-go/slowbro-20;Slowbro;Pokemon Go;Normal;19;0.73;11.83;13.87
1145;pokemon-go/slowbro-reverse-holo-20;Slowbro;Pokemon Go;Reverse Holo;4;1.12;26.53;4.48
268;pokemon-go/slowpoke-19;Slowpoke;Pokemon Go;Normal;15;0.93;25.16;13.95
955;pokemon-go/slowpoke-reverse-holo-19;Slowpoke;Pokemon Go;Reverse Holo;4;1.18;39.22;4.72
1010;pokemon-go/snorlax-cosmos-holo-55;Snorlax [Cosmos Holo];Pokemon Go;Holo;1;3.22;74.0;3.22
911;pokemon-go/snorlax-holo-55;Snorlax;Pokemon Go;Holo;9;1.19;60.49;10.71
386;pokemon-go/snorlax-reverse-holo-55;Snorlax;Pokemon Go;Reverse Holo;4;1.38;42.92;5.52
179;pokemon-go/solrock-39;Solrock;Pokemon Go;Normal;21;0.73;25.02;15.33
595;pokemon-go/solrock-reverse-holo-39;Solrock;Pokemon Go;Reverse Holo;1;1.13;26.56;1.13
137;pokemon-go/spark-70;Spark;Pokemon Go;Normal;19;1.35;27.42;25.65
1068;pokemon-go/spark-reverse-holo-70;Spark;Pokemon Go;Reverse Holo;5;1.13;26.56;5.65
1014;pokemon-go/spinarak-6;Spinarak;Pokemon Go;Normal;16;0.73;25.39;11.68
1484;pokemon-go/spinarak-reverse-holo-6;Spinarak;Pokemon Go;Reverse Holo;2;7.33;103.59;14.66
165;pokemon-go/squirtle-15;Squirtle;Pokemon Go;Normal;30;0.85;26.04;25.5
1386;pokemon-go/squirtle-reverse-holo-15;Squirtle;Pokemon Go;Reverse Holo;4;1.21;55.5;4.84
1555;pokemon-go/steelix-44;Steelix;Pokemon Go;Normal;16;1.07;13.88;17.12
705;pokemon-go/steelix-reverse-holo-44;Steelix;Pokemon Go;Reverse Holo;2;1.1;26.45;2.2
1485;pokemon-go/sylveon-holo-35;Sylveon;Pokemon Go;Holo;3;1.29;39.22;3.87
826;pokemon-go/sylveon-reverse-holo-35;Sylveon;Pokemon Go;Reverse Holo;1;1.49;55.54;1.49
125;pokemon-go/tranquill-62;Tranquill;Pokemon Go;Normal;26;0.9;25.65;23.4
1669;pokemon-go/tranquill-reverse-holo-62;Tranquill;Pokemon Go;Reverse Holo;4;0.97;25.93;3.88
849;pokemon-go/tyranitar-holo-43;Tyranitar;Pokemon Go;Holo;8;0.95;77.44;7.6
978;pokemon-go/tyranitar-reverse-holo-43;Tyranitar;Pokemon Go;Reverse Holo;7;1.35;51.79;9.45
140;pokemon-go/unfezant-63;Unfezant;Pokemon Go;Normal;18;1.14;26.59;20.52
1347;pokemon-go/unfezant-reverse-holo-63;Unfezant;Pokemon Go;Reverse Holo;3;1.07;26.31;3.21
457;pokemon-go/venusaur-holo-3;Venusaur;Pokemon Go;Holo;4;1.47;22.9;5.88
65;pokemon-go/venusaur-reverse-holo-3;Venusaur;Pokemon Go;Reverse Holo;4;1.35;28.08;5.4
41;pokemon-go/wartortle-16;Wartortle;Pokemon Go;Normal;9;1.05;22.71;9.45
369;pokemon-go/wartortle-reverse-holo-16;Wartortle;Pokemon Go;Reverse Holo;2;1.75;26.63;3.5
490;pokemon-go/wimpod-25;Wimpod;Pokemon Go;Normal;23;0.61;24.59;14.03
62;pokemon-go/wimpod-reverse-holo-25;Wimpod;Pokemon Go;Reverse Holo;1;1.13;26.56;1.13
725;pokemon-go/xatu-33;Xatu;Pokemon Go;Normal;19;1.07;11.83;20.33
38;pokemon-go/xatu-reverse-holo-33;Xatu;Pokemon Go;Reverse Holo;6;1.12;26.53;6.72
657;pokemon-go/zapdos-holo-29;Zapdos;Pokemon Go;Holo;9;1.1;31.01;9.9
1540;pokemon-go/zapdos-reverse-holo-29;Zapdos;Pokemon Go;Reverse Holo;3;1.19;43.48;3.57
728;pokemon-japanese-mega-brave/bulbasaur-1;Bulbasaur;Mega Brave;Normal;3;1.14;27.65;3.42
1793;pokemon-japanese-mega-brave/celebi-6;Celebi;Mega Brave;Normal;2;1.1;27.68;2.2
973;pokemon-japanese-mega-brave/cinderace-17;Cinderace;Mega Brave;Normal;1;1.24;28.34;1.24
1168;pokemon-japanese-mega-brave/corphish-18;Corphish;Mega Brave;Normal;3;0.37;0.0;1.11
1393;pokemon-japanese-mega-brave/crawdaunt-37;Crawdaunt;Mega Brave;Normal;1;0.93;26.77;0.93
1304;pokemon-japanese-mega-brave/croagunk-30;Croagunk;Mega Brave;Normal;5;1.11;0.0;5.55
1553;pokemon-japanese-mega-brave/dangerous-ruins-63;Dangerous Ruins;Mega Brave;Normal;1;0.37;0.0;0.37
1506;pokemon-japanese-mega-brave/dialga-47;Dialga;Mega Brave;Normal;1;1.11;27.68;1.11
1295;pokemon-japanese-mega-brave/exeggcute-4;Exeggcute;Mega Brave;Normal;4;0.81;0.0;3.24
2;pokemon-japanese-mega-brave/exeggutor-5;Exeggutor;Mega Brave;Normal;2;0.96;26.95;1.92
169;pokemon-japanese-mega-brave/exeggutor-66;Exeggutor;Mega Brave;Normal;1;2.4;34.55;2.4
242;pokemon-japanese-mega-brave/fearow-53;Fearow;Mega Brave;Normal;4;1.11;27.68;4.44
333;pokemon-japanese-mega-brave/fight-gong-59;Fight Gong;Mega Brave;Normal;2;1.09;27.57;2.18
104;pokemon-japanese-mega-brave/garganacl-36;Garganacl;Mega Brave;Normal;3;0.37;0.0;1.11
331;pokemon-japanese-mega-brave/gholdengo-51;Gholdengo;Mega Brave;Normal;4;0.81;0.0;3.24
795;pokemon-japanese-mega-brave/gimmighoul-19;Gimmighoul;Mega Brave;Normal;5;0.37;0.0;1.85
1463;pokemon-japanese-mega-brave/grafaiai-44;Grafaiai;Mega Brave;Normal;2;0.37;0.0;0.74
759;pokemon-japanese-mega-brave/gumshoos-56;Gumshoos;Mega Brave;Normal;2;0.74;0.0;1.48
565;pokemon-japanese-mega-brave/iron-x-defense-57;Iron X Defense;Mega Brave;Normal;2;0.74;0.0;1.48
1228;pokemon-japanese-mega-brave/ivysaur-2;Ivysaur;Mega Brave;Normal;2;1.11;26.85;2.22
1594;pokemon-japanese-mega-brave/lillie's-determination-62;Lillie's Determination;Mega Brave;Normal;4;2.47;34.42;9.88
322;pokemon-japanese-mega-brave/lt-surge's-deal-61;Lt. Surge's Deal;Mega Brave;Normal;3;1.04;27.32;3.12
407;pokemon-japanese-mega-brave/lunatone-26;Lunatone;Mega Brave;Normal;1;1.47;29.47;1.47
196;pokemon-japanese-mega-brave/makuhita-24;Makuhita;Mega Brave;Normal;5;0.37;0.0;1.85
753;pokemon-japanese-mega-brave/marshadow-32;Marshadow;Mega Brave;Normal;3;0.96;26.95;2.88
471;pokemon-japanese-mega-brave/mega-absol-ex-38;Mega Absol ex;Mega Brave;Normal;1;1.24;28.38;1.24
730;pokemon-japanese-mega-brave/mega-camerupt-ex-13;Mega Camerupt ex;Mega Brave;Normal;1;0.9;26.48;0.9
1496;pokemon-japanese-mega-brave/mega-camerupt-ex-77;Mega Camerupt Ex;Mega Brave;Normal;1;3.71;41.57;3.71
527;pokemon-japanese-mega-brave/mega-lucario-ex-29;Mega Lucario ex;Mega Brave;Normal;1;1.58;30.42;1.58
526;pokemon-japanese-mega-brave/mega-lucario-ex-92;Mega Lucario Ex;Mega Brave;Normal;1;314.5;522.03;314.5
1098;pokemon-japanese-mega-brave/mega-mawile-ex-46;Mega Mawile ex;Mega Brave;Normal;1;0.98;28.16;0.98
240;pokemon-japanese-mega-brave/miltank-54;Miltank;Mega Brave;Normal;4;0.37;0.0;1.48
493;pokemon-japanese-mega-brave/nacli-34;Nacli;Mega Brave;Normal;3;0.93;26.77;2.79
513;pokemon-japanese-mega-brave/naclstack-35;Naclstack;Mega Brave;Normal;2;0.37;0.0;0.74
430;pokemon-japanese-mega-brave/nickit-41;Nickit;Mega Brave;Normal;3;0.74;0.0;2.22
404;pokemon-japanese-mega-brave/night-stretcher-83;Night Stretcher;Mega Brave;Normal;1;2.77;36.61;2.77
1086;pokemon-japanese-mega-brave/ninetales-11;Ninetales;Mega Brave;Normal;2;1.02;27.25;2.04
1219;pokemon-japanese-mega-brave/numel-12;Numel;Mega Brave;Normal;4;0.37;0.0;1.48
723;pokemon-japanese-mega-brave/nuzleaf-8;Nuzleaf;Mega Brave;Normal;3;0.93;26.77;2.79
359;pokemon-japanese-mega-brave/onix-22;Onix;Mega Brave;Normal;4;1.1;0.0;4.4
1027;pokemon-japanese-mega-brave/premium-power-pro-58;Premium Power Pro;Mega Brave;Normal;2;0.82;26.26;1.64
1365;pokemon-japanese-mega-brave/raboot-16;Raboot;Mega Brave;Normal;2;0.37;0.0;0.74
781;pokemon-japanese-mega-brave/repel-60;Repel;Mega Brave;Normal;3;0.37;0.0;1.11
368;pokemon-japanese-mega-brave/riolu-28;Riolu;Mega Brave;Normal;3;1.02;27.25;3.06
1822;pokemon-japanese-mega-brave/riolu-68;Riolu;Mega Brave;Normal;1;4.77;44.17;4.77
1456;pokemon-japanese-mega-brave/sandshrew-20;Sandshrew;Mega Brave;Normal;2;1.04;27.32;2.08
460;pokemon-japanese-mega-brave/sandslash-21;Sandslash;Mega Brave;Normal;3;0.81;26.04;2.43
1389;pokemon-japanese-mega-brave/scorbunny-15;Scorbunny;Mega Brave;Normal;3;0.37;0.0;1.11
160;pokemon-japanese-mega-brave/seedot-7;Seedot;Mega Brave;Normal;4;0.37;0.0;1.48
511;pokemon-japanese-mega-brave/shiftry-9;Shiftry;Mega Brave;Normal;2;0.37;0.0;0.74
721;pokemon-japanese-mega-brave/shroodle-43;Shroodle;Mega Brave;Normal;3;0.37;0.0;1.11
1202;pokemon-japanese-mega-brave/solrock-27;Solrock;Mega Brave;Normal;3;0.93;26.77;2.79
1432;pokemon-japanese-mega-brave/spearow-52;Spearow;Mega Brave;Normal;3;1.11;27.68;3.33
751;pokemon-japanese-mega-brave/spiritomb-39;Spiritomb;Mega Brave;Normal;3;0.81;0.0;2.43
1763;pokemon-japanese-mega-brave/steelix-45;Steelix;Mega Brave;Normal;1;0.96;26.95;0.96
180;pokemon-japanese-mega-brave/stonjourner-33;Stonjourner;Mega Brave;Normal;2;0.37;0.0;0.74
654;pokemon-japanese-mega-brave/thievul-42;Thievul;Mega Brave;Normal;4;0.74;0.0;2.96
1664;pokemon-japanese-mega-brave/tinkatink-48;Tinkatink;Mega Brave;Normal;3;0.81;0.0;2.43
236;pokemon-japanese-mega-brave/tinkaton-50;Tinkaton;Mega Brave;Normal;4;0.81;26.23;3.24
524;pokemon-japanese-mega-brave/tinkatuff-49;Tinkatuff;Mega Brave;Normal;2;0.82;26.26;1.64
1383;pokemon-japanese-mega-brave/toxicroak-31;Toxicroak;Mega Brave;Normal;2;0.37;0.0;0.74
1566;pokemon-japanese-mega-brave/tyrogue-23;Tyrogue;Mega Brave;Normal;2;1.03;27.28;2.06
1076;pokemon-japanese-mega-brave/volcanion-14;Volcanion;Mega Brave;Normal;2;0.37;0.0;0.74
740;pokemon-japanese-mega-brave/vulpix-10;Vulpix;Mega Brave;Normal;3;0.98;27.02;2.94
1238;pokemon-japanese-mega-brave/vulpix-67;Vulpix;Mega Brave;Normal;1;4.37;55.5;4.37
161;pokemon-japanese-mega-brave/yungoos-55;Yungoos;Mega Brave;Normal;4;0.95;26.92;3.8
119;pokemon-japanese-mega-brave/yveltal-40;Yveltal;Mega Brave;Normal;1;1.08;27.54;1.08
173;pokemon-japanese-mega-symphonia/abra-36;Abra;Mega Symphonia;Normal;4;1.1;27.65;4.4
1648;pokemon-japanese-mega-symphonia/acerola's-mischief-59;Acerola's Mischief;Mega Symphonia;Normal;2;0.93;26.77;1.86
1070;pokemon-japanese-mega-symphonia/acerola's-mischief-84;Acerola's Mischief;Mega Symphonia;Normal;1;21.9;122.67;21.9
1101;pokemon-japanese-mega-symphonia/alakazam-38;Alakazam;Mega Symphonia;Normal;3;1.1;27.65;3.3
1614;pokemon-japanese-mega-symphonia/bayleef-4;Bayleef;Mega Symphonia;Normal;2;0.74;25.86;1.48
1019;pokemon-japanese-mega-symphonia/bewear-56;Bewear;Mega Symphonia;Normal;2;0.93;26.77;1.86
185;pokemon-japanese-mega-symphonia/buneary-53;Buneary;Mega Symphonia;Normal;7;0.74;25.86;5.18
1232;pokemon-japanese-mega-symphonia/centiskorch-13;Centiskorch;Mega Symphonia;Normal;2;0.81;0.0;1.62
384;pokemon-japanese-mega-symphonia/chi-yu-14;Chi-Yu;Mega Symphonia;Normal;1;1.11;0.0;1.11
894;pokemon-japanese-mega-symphonia/chikorita-3;Chikorita;Mega Symphonia;Normal;3;0.81;26.19;2.43
572;pokemon-japanese-mega-symphonia/clauncher-19;Clauncher;Mega Symphonia;Normal;2;1.07;27.51;2.14
954;pokemon-japanese-mega-symphonia/clawitzer-20;Clawitzer;Mega Symphonia;Normal;1;1.11;0.0;1.11
1077;pokemon-japanese-mega-symphonia/clawitzer-68;Clawitzer;Mega Symphonia;Normal;1;2.41;34.11;2.41
1244;pokemon-japanese-mega-symphonia/delibird-52;Delibird;Mega Symphonia;Normal;6;0.8;26.15;4.8
1590;pokemon-japanese-mega-symphonia/delibird-74;Delibird;Mega Symphonia;Normal;1;2.17;31.01;2.17
191;pokemon-japanese-mega-symphonia/dhelmise-9;Dhelmise;Mega Symphonia;Normal;3;0.37;0.0;1.11
598;pokemon-japanese-mega-symphonia/drizzile-22;Drizzile;Mega Symphonia;Normal;3;1.11;27.68;3.33
114;pokemon-japanese-mega-symphonia/eiscue-26;Eiscue;Mega Symphonia;Normal;2;1.11;27.68;2.22
984;pokemon-japanese-mega-symphonia/electrike-31;Electrike;Mega Symphonia;Normal;3;1.04;27.32;3.12
1043;pokemon-japanese-mega-symphonia/frosmoth-25;Frosmoth;Mega Symphonia;Normal;3;0.37;0.0;1.11
811;pokemon-japanese-mega-symphonia/greavard-47;Greavard;Mega Symphonia;Normal;3;1.11;27.68;3.33
338;pokemon-japanese-mega-symphonia/grumpig-45;Grumpig;Mega Symphonia;Normal;3;0.37;0.0;1.11
577;pokemon-japanese-mega-symphonia/heliolisk-35;Heliolisk;Mega Symphonia;Normal;4;0.37;0.0;1.48
371;pokemon-japanese-mega-symphonia/helioptile-34;Helioptile;Mega Symphonia;Normal;4;0.81;26.23;3.24
583;pokemon-japanese-mega-symphonia/houndstone-48;Houndstone;Mega Symphonia;Normal;4;1.11;27.68;4.44
1391;pokemon-japanese-mega-symphonia/houndstone-73;Houndstone;Mega Symphonia;Normal;1;1.87;31.19;1.87
540;pokemon-japanese-mega-symphonia/inteleon-23;Inteleon;Mega Symphonia;Normal;2;1.11;0.0;2.22
142;pokemon-japanese-mega-symphonia/jynx-39;Jynx;Mega Symphonia;Normal;3;0.37;0.0;1.11
700;pokemon-japanese-mega-symphonia/kadabra-37;Kadabra;Mega Symphonia;Normal;2;1.1;27.68;2.2
1087;pokemon-japanese-mega-symphonia/kirlia-41;Kirlia;Mega Symphonia;Normal;2;1.11;27.68;2.22
145;pokemon-japanese-mega-symphonia/kyogre-16;Kyogre;Mega Symphonia;Normal;1;1.07;27.51;1.07
209;pokemon-japanese-mega-symphonia/latios-50;Latios;Mega Symphonia;Normal;6;1.02;27.25;6.12
358;pokemon-japanese-mega-symphonia/litleo-10;Litleo;Mega Symphonia;Normal;3;0.37;0.0;1.11
903;pokemon-japanese-mega-symphonia/lopunny-54;Lopunny;Mega Symphonia;Normal;6;0.93;26.77;5.58
346;pokemon-japanese-mega-symphonia/magnemite-27;Magnemite;Mega Symphonia;Normal;3;1.11;0.0;3.33
879;pokemon-japanese-mega-symphonia/magneton-28;Magneton;Mega Symphonia;Normal;2;0.37;0.0;0.74
442;pokemon-japanese-mega-symphonia/magnezone-29;Magnezone;Mega Symphonia;Normal;1;1.11;0.0;1.11
1176;pokemon-japanese-mega-symphonia/mantine-15;Mantine;Mega Symphonia;Normal;3;1.11;0.0;3.33
1364;pokemon-japanese-mega-symphonia/mega-abomasnow-ex-18;Mega Abomasnow ex;Mega Symphonia;Normal;1;1.1;27.65;1.1
469;pokemon-japanese-mega-symphonia/mega-gardevoir-ex-42;Mega Gardevoir ex;Mega Symphonia;Normal;1;1.86;31.15;1.86
406;pokemon-japanese-mega-symphonia/mega-kangaskhan-ex-51;Mega Kangaskhan ex;Mega Symphonia;Normal;3;1.49;29.55;4.47
1124;pokemon-japanese-mega-symphonia/mega-latias-ex-49;Mega Latias ex;Mega Symphonia;Normal;2;1.35;29.0;2.7
976;pokemon-japanese-mega-symphonia/mega-manectric-ex-32;Mega Manectric ex;Mega Symphonia;Normal;1;1.49;29.55;1.49
1534;pokemon-japanese-mega-symphonia/mega-signal-58;Mega Signal;Mega Symphonia;Normal;2;0.74;26.26;1.48
1205;pokemon-japanese-mega-symphonia/mystery-garden-63;Mystery Garden;Mega Symphonia;Normal;3;0.37;0.0;1.11
992;pokemon-japanese-mega-symphonia/mystery-garden-86;Mystery Garden;Mega Symphonia;Normal;1;2.0;32.1;2.0
971;pokemon-japanese-mega-symphonia/nincada-7;Nincada;Mega Symphonia;Normal;7;0.93;26.77;6.51
233;pokemon-japanese-mega-symphonia/ninjask-8;Ninjask;Mega Symphonia;Normal;2;0.74;0.0;1.48
948;pokemon-japanese-mega-symphonia/pachirisu-33;Pachirisu;Mega Symphonia;Normal;3;0.88;26.63;2.64
48;pokemon-japanese-mega-symphonia/pyroar-11;Pyroar;Mega Symphonia;Normal;2;0.37;0.0;0.74
1118;pokemon-japanese-mega-symphonia/raikou-30;Raikou;Mega Symphonia;Normal;1;1.04;27.32;1.04
1808;pokemon-japanese-mega-symphonia/ralts-40;Ralts;Mega Symphonia;Normal;2;1.04;27.32;2.08
1789;pokemon-japanese-mega-symphonia/shedinja-43;Shedinja;Mega Symphonia;Normal;2;0.74;25.86;1.48
1475;pokemon-japanese-mega-symphonia/shuckle-6;Shuckle;Mega Symphonia;Normal;2;1.11;27.68;2.22
1113;pokemon-japanese-mega-symphonia/sizzlipede-12;Sizzlipede;Mega Symphonia;Normal;3;0.9;26.63;2.7
1755;pokemon-japanese-mega-symphonia/snom-24;Snom;Mega Symphonia;Normal;4;0.93;26.77;3.72
291;pokemon-japanese-mega-symphonia/snover-17;Snover;Mega Symphonia;Normal;5;0.37;0.0;1.85
1321;pokemon-japanese-mega-symphonia/sobble-21;Sobble;Mega Symphonia;Normal;4;1.11;27.68;4.44
1666;pokemon-japanese-mega-symphonia/spoink-44;Spoink;Mega Symphonia;Normal;3;0.74;0.0;2.22
400;pokemon-japanese-mega-symphonia/stufful-55;Stufful;Mega Symphonia;Normal;6;1.11;27.68;6.66
8;pokemon-japanese-mega-symphonia/surfing-beach-62;Surfing Beach;Mega Symphonia;Normal;3;1.11;0.0;3.33
928;pokemon-japanese-mega-symphonia/suspicious-watch-57;Suspicious Watch;Mega Symphonia;Normal;2;0.37;0.0;0.74
843;pokemon-japanese-mega-symphonia/tangela-1;Tangela;Mega Symphonia;Normal;4;0.81;26.23;3.24
566;pokemon-japanese-mega-symphonia/tangrowth-2;Tangrowth;Mega Symphonia;Normal;1;0.37;0.0;0.37
172;pokemon-japanese-mega-symphonia/vitality-forest-61;Vitality Forest;Mega Symphonia;Normal;3;1.11;27.68;3.33
202;pokemon-japanese-mega-symphonia/wally's-compassion-60;Wally's Compassion;Mega Symphonia;Normal;1;0.74;25.86;0.74
1622;pokemon-japanese-mega-symphonia/xerneas-46;Xerneas;Mega Symphonia;Normal;1;1.11;27.68;1.11
1575;pokemon-journey-together/bagon-112;Bagon;Journey Together;Normal;1;0.75;25.69;0.75
1272;pokemon-journey-together/caterpie-1;Caterpie;Journey Together;Normal;1;0.73;25.68;0.73
767;pokemon-journey-together/copperajah-110;Copperajah;Journey Together;Normal;1;1.23;27.68;1.23
765;pokemon-journey-together/hop's-bag-147;Hop's Bag;Journey Together;Normal;1;0.9;26.49;0.9
1142;pokemon-journey-together/hop's-sandaconda-87;Hop's Sandaconda;Journey Together;Normal;1;0.81;26.07;0.81
360;pokemon-journey-together/hop's-wooloo-135;Hop's Wooloo;Journey Together;Normal;1;1.72;30.18;1.72
1245;pokemon-journey-together/iris's-fighting-spirit-180;Iris's Fighting Spirit;Journey Together;Normal;1;2.55;29.23;2.55
379;pokemon-journey-together/lillie's-pearl-cosmos-holo-151;Lillie's Pearl [Cosmos Holo];Journey Together;Holo;1;1.53;0.0;1.53
344;pokemon-journey-together/magmar-20;Magmar;Journey Together;Normal;1;0.96;25.68;0.96
299;pokemon-journey-together/metang-62;Metang;Journey Together;Normal;1;0.74;25.72;0.74
1199;pokemon-journey-together/mimikyu-ex-69;Mimikyu ex;Journey Together;Normal;1;1.39;44.46;1.39
672;pokemon-journey-together/n's-castle-152;N's Castle;Journey Together;Normal;1;1.15;27.82;1.15
1349;pokemon-journey-together/n's-castle-reverse-holo-152;N's Castle;Journey Together;Reverse Holo;1;1.13;27.59;1.13
1397;pokemon-journey-together/n's-klinklang-105;N's Klinklang;Journey Together;Normal;1;0.99;26.91;0.99
217;pokemon-journey-together/noibat-127;Noibat;Journey Together;Normal;1;0.78;25.68;0.78
473;pokemon-journey-together/oinkologne-140;Oinkologne;Journey Together;Normal;1;0.93;26.59;0.93
193;pokemon-journey-together/rockruff-84;Rockruff;Journey Together;Normal;1;0.73;25.68;0.73
1670;pokemon-journey-together/rockruff-reverse-holo-84;Rockruff;Journey Together;Reverse Holo;1;0.93;26.6;0.93
1190;pokemon-journey-together/shuppet-reverse-holo-59;Shuppet;Journey Together;Reverse Holo;1;1.06;27.2;1.06
1634;pokemon-journey-together/skwovet-131;Skwovet;Journey Together;Normal;1;0.73;0.0;0.73
1226;pokemon-paldean-fates/kirlia-28;Kirlia;Paldean Fates;Normal;4;0.98;26.36;3.92
1274;pokemon-paldean-fates/nest-ball-84;Nest Ball;Paldean Fates;Normal;1;1.11;26.89;1.11
244;pokemon-paldean-fates/professor's-research-87;Professor's Research;Paldean Fates;Normal;1;1.07;26.77;1.07
1516;pokemon-paldean-fates/ralts-27;Ralts;Paldean Fates;Normal;5;0.73;25.3;3.65
54;pokemon-paldean-fates/toedscool-4;Toedscool;Paldean Fates;Normal;2;0.73;25.29;1.46
880;pokemon-promo/alolan-exeggutor-v-swsh225;Alolan Exeggutor V #SWSH225;Promo;Normal;1;1.27;27.1;1.27
1409;pokemon-promo/blanche-swsh227;Blanche #SWSH227;Promo;Normal;1;2.65;19.66;2.65
177;pokemon-promo/bulbasaur-swsh231;Bulbasaur #SWSH231;Promo;Normal;1;4.54;37.73;4.54
840;pokemon-promo/charmander-swsh232;Charmander #SWSH232;Promo;Normal;1;4.99;51.79;4.99
1610;pokemon-promo/eevee-swsh118;Eevee #SWSH118;Promo;Normal;1;1.84;22.46;1.84
1697;pokemon-promo/fuecoco-2;Fuecoco;Promo;Normal;1;2.95;46.24;2.95
647;pokemon-promo/iron-thorns-98;Iron Thorns;Promo;Normal;1;2.62;34.87;2.62
190;pokemon-promo/koraidon-14;Koraidon;Promo;Normal;1;4.4;52.54;4.4
661;pokemon-promo/koraidon-pokemon-center-14;Koraidon [Pokemon Center];Promo;Normal;1;46.53;555.0;46.53
468;pokemon-promo/lucario-vstar-swsh291;Lucario VSTAR #SWSH291;Promo;Normal;3;9.61;94.45;28.83
812;pokemon-promo/mewtwo-v-swsh229;Mewtwo V #SWSH229;Promo;Normal;8;5.54;49.95;44.32
1266;pokemon-promo/miraidon-13;Miraidon;Promo;Normal;1;4.85;54.39;4.85
1103;pokemon-promo/miraidon-pokemon-center-13;Miraidon [Pokemon Center];Promo;Normal;1;42.02;318.42;42.02
1044;pokemon-promo/pikachu-swsh234;Pikachu #SWSH234;Promo;Normal;3;2.84;71.41;8.52
274;pokemon-promo/professor's-research-swsh152;Professor's Research #SWSH152;Promo;Normal;1;3.3;37.67;3.3
1415;pokemon-promo/professor's-research-swsh178;Professor's Research #SWSH178;Promo;Normal;1;2.32;0.0;2.32
1350;pokemon-promo/quaxly-3;Quaxly;Promo;Normal;1;2.74;19.4;2.74
1395;pokemon-promo/radiant-eevee-swsh230;Radiant Eevee #SWSH230;Promo;Normal;1;11.71;107.67;11.71
523;pokemon-promo/snorlax-holo-swsh119;Snorlax #SWSH119;Promo;Holo;1;2.16;55.49;2.16
1615;pokemon-promo/spark-swsh226;Spark #SWSH226;Promo;Normal;1;2.14;31.95;2.14
1093;pokemon-promo/sprigatito-holo-1;Sprigatito;Promo;Holo;1;3.89;57.35;3.89
926;pokemon-promo/squirtle-swsh233;Squirtle #SWSH233;Promo;Normal;1;3.7;81.4;3.7
1787;pokemon-rebel-clash/boss's-orders-154;Boss's Orders;Rebel Clash;Normal;1;1.27;25.89;1.27
1751;pokemon-scarlet-&-violet/alomomola-48;Alomomola;Scarlet & Violet;Normal;2;0.91;25.65;1.82
1584;pokemon-scarlet-&-violet/annihilape-reverse-holo-109;Annihilape;Scarlet & Violet;Reverse Holo;3;1.03;18.5;3.09
362;pokemon-scarlet-&-violet/arboliva-holo-23;Arboliva;Scarlet & Violet;Holo;4;1.24;14.8;4.96
1453;pokemon-scarlet-&-violet/armarouge-holo-41;Armarouge;Scarlet & Violet;Holo;3;1.03;26.3;3.09
1586;pokemon-scarlet-&-violet/arven-166;Arven;Scarlet & Violet;Normal;1;2.12;30.54;2.12
1241;pokemon-scarlet-&-violet/banette-ex-229;Banette ex;Scarlet & Violet;Normal;1;2.21;22.2;2.21
286;pokemon-scarlet-&-violet/beach-court-167;Beach Court;Scarlet & Violet;Normal;3;0.73;25.32;2.19
308;pokemon-scarlet-&-violet/bisharp-133;Bisharp;Scarlet & Violet;Normal;1;0.9;25.8;0.9
319;pokemon-scarlet-&-violet/blissey-145;Blissey;Scarlet & Violet;Normal;2;0.73;25.12;1.46
659;pokemon-scarlet-&-violet/blissey-reverse-holo-145;Blissey;Scarlet & Violet;Reverse Holo;1;0.96;26.36;0.96
1753;pokemon-scarlet-&-violet/bombirdier-138;Bombirdier;Scarlet & Violet;Normal;4;0.73;24.92;2.92
1127;pokemon-scarlet-&-violet/breloom-4;Breloom;Scarlet & Violet;Normal;3;0.81;25.41;2.43
534;pokemon-scarlet-&-violet/bruxish-51;Bruxish;Scarlet & Violet;Normal;1;0.73;25.12;0.73
902;pokemon-scarlet-&-violet/cacnea-5;Cacnea;Scarlet & Violet;Normal;1;0.73;25.12;0.73
144;pokemon-scarlet-&-violet/cacnea-reverse-holo-5;Cacnea;Scarlet & Violet;Reverse Holo;1;1.02;26.27;1.02
1646;pokemon-scarlet-&-violet/cacturne-6;Cacturne;Scarlet & Violet;Normal;2;0.98;25.32;1.96
1100;pokemon-scarlet-&-violet/capsakid-28;Capsakid;Scarlet & Violet;Normal;2;0.73;25.12;1.46
1038;pokemon-scarlet-&-violet/cetitan-60;Cetitan;Scarlet & Violet;Normal;2;0.81;25.44;1.62
170;pokemon-scarlet-&-violet/cetoddle-59;Cetoddle;Scarlet & Violet;Normal;1;0.81;25.47;0.81
43;pokemon-scarlet-&-violet/chansey-reverse-holo-144;Chansey;Scarlet & Violet;Reverse Holo;1;0.93;20.71;0.93
342;pokemon-scarlet-&-violet/charcadet-39;Charcadet;Scarlet & Violet;Normal;1;0.6;24.59;0.6
410;pokemon-scarlet-&-violet/charcadet-40;Charcadet;Scarlet & Violet;Normal;4;1.0;25.41;4.0
1360;pokemon-scarlet-&-violet/clawitzer-50;Clawitzer;Scarlet & Violet;Normal;4;0.98;26.12;3.92
1522;pokemon-scarlet-&-violet/clawitzer-reverse-holo-50;Clawitzer;Scarlet & Violet;Reverse Holo;1;0.98;26.09;0.98
1651;pokemon-scarlet-&-violet/croagunk-130;Croagunk;Scarlet & Violet;Normal;4;0.69;24.91;2.76
1312;pokemon-scarlet-&-violet/crocalor-37;Crocalor;Scarlet & Violet;Normal;4;1.08;25.53;4.32
1659;pokemon-scarlet-&-violet/crushing-hammer-168;Crushing Hammer;Scarlet & Violet;Normal;1;0.84;25.56;0.84
192;pokemon-scarlet-&-violet/cyclizar-163;Cyclizar;Scarlet & Violet;Normal;5;0.73;25.12;3.65
158;pokemon-scarlet-&-violet/cyclizar-164;Cyclizar;Scarlet & Violet;Normal;3;1.07;4.44;3.21
663;pokemon-scarlet-&-violet/cyclizar-reverse-holo-163;Cyclizar;Scarlet & Violet;Reverse Holo;1;1.0;11.1;1.0
1160;pokemon-scarlet-&-violet/dachsbun-99;Dachsbun;Scarlet & Violet;Normal;2;0.85;25.59;1.7
1810;pokemon-scarlet-&-violet/dedenne-94;Dedenne;Scarlet & Violet;Normal;1;1.12;25.12;1.12
1703;pokemon-scarlet-&-violet/dedenne-95;Dedenne;Scarlet & Violet;Normal;2;0.73;22.16;1.46
985;pokemon-scarlet-&-violet/defiance-band-169;Defiance Band;Scarlet & Violet;Normal;2;1.1;26.6;2.2
85;pokemon-scarlet-&-violet/dolliv-22;Dolliv;Scarlet & Violet;Normal;1;0.73;25.12;0.73
1234;pokemon-scarlet-&-violet/dondozo-holo-61;Dondozo;Scarlet & Violet;Holo;3;1.11;26.63;3.33
554;pokemon-scarlet-&-violet/drifblim-90;Drifblim;Scarlet & Violet;Normal;2;0.73;25.09;1.46
525;pokemon-scarlet-&-violet/drifloon-89;Drifloon;Scarlet & Violet;Normal;1;0.73;25.12;0.73
703;pokemon-scarlet-&-violet/drowzee-82;Drowzee;Scarlet & Violet;Normal;3;1.01;25.56;3.03
427;pokemon-scarlet-&-violet/electric-generator-170;Electric Generator;Scarlet & Violet;Normal;2;0.93;25.89;1.86
287;pokemon-scarlet-&-violet/energy-retrieval-171;Energy Retrieval;Scarlet & Violet;Normal;3;0.9;25.77;2.7
543;pokemon-scarlet-&-violet/espathra-103;Espathra;Scarlet & Violet;Normal;2;0.73;25.12;1.46
311;pokemon-scarlet-&-violet/exp-share-174;Exp. Share;Scarlet & Violet;Normal;4;0.93;25.89;3.72
516;pokemon-scarlet-&-violet/fidough-97;Fidough;Scarlet & Violet;Normal;1;1.06;25.62;1.06
129;pokemon-scarlet-&-violet/flaaffy-67;Flaaffy;Scarlet & Violet;Normal;3;0.87;25.12;2.61
1691;pokemon-scarlet-&-violet/flaaffy-reverse-holo-67;Flaaffy;Scarlet & Violet;Reverse Holo;1;1.18;26.89;1.18
677;pokemon-scarlet-&-violet/flabebe-91;Flabebe;Scarlet & Violet;Normal;1;0.6;24.59;0.6
1591;pokemon-scarlet-&-violet/flamigo-165;Flamigo;Scarlet & Violet;Normal;1;0.73;25.12;0.73
1768;pokemon-scarlet-&-violet/flittle-102;Flittle;Scarlet & Violet;Normal;3;0.73;25.12;2.19
603;pokemon-scarlet-&-violet/flittle-reverse-holo-102;Flittle;Scarlet & Violet;Reverse Holo;1;1.01;26.24;1.01
42;pokemon-scarlet-&-violet/floatzel-47;Floatzel;Scarlet & Violet;Normal;1;0.73;25.12;0.73
71;pokemon-scarlet-&-violet/floragato-14;Floragato;Scarlet & Violet;Normal;3;0.73;25.12;2.19
1694;pokemon-scarlet-&-violet/florges-93;Florges;Scarlet & Violet;Normal;5;0.89;0.0;4.45
447;pokemon-scarlet-&-violet/forretress-139;Forretress;Scarlet & Violet;Normal;1;0.74;25.15;0.74
644;pokemon-scarlet-&-violet/forretress-reverse-holo-139;Forretress;Scarlet & Violet;Reverse Holo;1;0.95;25.97;0.95
347;pokemon-scarlet-&-violet/fuecoco-36;Fuecoco;Scarlet & Violet;Normal;7;1.0;33.29;7.0
414;pokemon-scarlet-&-violet/fuecoco-holo-36;Fuecoco;Scarlet & Violet;Holo;4;2.15;16.28;8.6
881;pokemon-scarlet-&-violet/fuecoco-reverse-holo-36;Fuecoco;Scarlet & Violet;Reverse Holo;1;0.78;37.73;0.78
727;pokemon-scarlet-&-violet/gardevoir-ex-86;Gardevoir ex;Scarlet & Violet;Normal;2;1.42;18.5;2.84
254;pokemon-scarlet-&-violet/greavard-104;Greavard;Scarlet & Violet;Normal;5;0.78;25.12;3.9
1306;pokemon-scarlet-&-violet/greavard-105;Greavard;Scarlet & Violet;Normal;1;0.73;25.9;0.73
1156;pokemon-scarlet-&-violet/greedent-152;Greedent;Scarlet & Violet;Normal;2;0.71;25.03;1.42
646;pokemon-scarlet-&-violet/grimer-126;Grimer;Scarlet & Violet;Normal;2;0.73;25.12;1.46
844;pokemon-scarlet-&-violet/growlithe-30;Growlithe;Scarlet & Violet;Normal;1;0.73;17.56;0.73
275;pokemon-scarlet-&-violet/growlithe-31;Growlithe;Scarlet & Violet;Normal;4;1.04;28.08;4.16
1315;pokemon-scarlet-&-violet/growlithe-reverse-holo-30;Growlithe;Scarlet & Violet;Reverse Holo;1;0.95;13.02;0.95
80;pokemon-scarlet-&-violet/gyarados-ex-45;Gyarados ex;Scarlet & Violet;Normal;2;1.67;31.82;3.34
675;pokemon-scarlet-&-violet/hawlucha-holo-118;Hawlucha;Scarlet & Violet;Holo;4;1.03;10.23;4.12
715;pokemon-scarlet-&-violet/heracross-2;Heracross;Scarlet & Violet;Normal;2;0.79;19.6;1.58
962;pokemon-scarlet-&-violet/houndoom-34;Houndoom;Scarlet & Violet;Normal;1;0.79;15.91;0.79
1780;pokemon-scarlet-&-violet/houndour-33;Houndour;Scarlet & Violet;Normal;1;0.81;25.41;0.81
1082;pokemon-scarlet-&-violet/houndour-reverse-holo-33;Houndour;Scarlet & Violet;Reverse Holo;1;1.01;26.21;1.01
888;pokemon-scarlet-&-violet/houndstone-holo-106;Houndstone;Scarlet & Violet;Holo;2;0.95;10.54;1.9
1624;pokemon-scarlet-&-violet/hypno-83;Hypno;Scarlet & Violet;Normal;4;0.95;25.97;3.8
510;pokemon-scarlet-&-violet/indeedee-holo-153;Indeedee;Scarlet & Violet;Holo;2;0.65;16.84;1.3
128;pokemon-scarlet-&-violet/jacq-175;Jacq;Scarlet & Violet;Normal;2;0.93;25.89;1.86
939;pokemon-scarlet-&-violet/judge-176;Judge;Scarlet & Violet;Normal;1;0.67;24.89;0.67
850;pokemon-scarlet-&-violet/katy-177;Katy;Scarlet & Violet;Normal;2;0.68;24.91;1.36
702;pokemon-scarlet-&-violet/kilowattrel-79;Kilowattrel;Scarlet & Violet;Normal;2;0.73;25.12;1.46
118;pokemon-scarlet-&-violet/kingambit-holo-134;Kingambit;Scarlet & Violet;Holo;2;0.9;25.9;1.8
1674;pokemon-scarlet-&-violet/klawf-holo-122;Klawf;Scarlet & Violet;Holo;2;1.07;9.25;2.14
1297;pokemon-scarlet-&-violet/klefki-holo-96;Klefki;Scarlet & Violet;Holo;3;1.02;31.82;3.06
570;pokemon-scarlet-&-violet/koraidon-124;Koraidon;Scarlet & Violet;Normal;1;1.55;18.49;1.55
932;pokemon-scarlet-&-violet/krookodile-117;Krookodile;Scarlet & Violet;Normal;2;0.74;25.15;1.48
301;pokemon-scarlet-&-violet/lechonk-154;Lechonk;Scarlet & Violet;Normal;3;2.26;31.19;6.78
600;pokemon-scarlet-&-violet/lechonk-156;Lechonk;Scarlet & Violet;Normal;2;1.14;26.74;2.28
380;pokemon-scarlet-&-violet/lechonk-pokemon-center-155;Lechonk [Pokemon Center];Scarlet & Violet;Normal;3;9.61;103.59;28.83
279;pokemon-scarlet-&-violet/lucario-114;Lucario;Scarlet & Violet;Normal;1;0.98;26.17;0.98
1535;pokemon-scarlet-&-violet/mabosstiff-137;Mabosstiff;Scarlet & Violet;Normal;2;0.76;25.24;1.52
465;pokemon-scarlet-&-violet/magikarp-44;Magikarp;Scarlet & Violet;Normal;2;1.11;26.44;2.22
1476;pokemon-scarlet-&-violet/magnemite-63;Magnemite;Scarlet & Violet;Normal;2;0.81;25.12;1.62
1464;pokemon-scarlet-&-violet/magneton-64;Magneton;Scarlet & Violet;Normal;3;0.73;25.12;2.19
1381;pokemon-scarlet-&-violet/magnezone-ex-65;Magnezone ex;Scarlet & Violet;Normal;1;1.0;20.29;1.0
429;pokemon-scarlet-&-violet/mankey-107;Mankey;Scarlet & Violet;Normal;4;0.92;25.86;3.68
116;pokemon-scarlet-&-violet/mareep-66;Mareep;Scarlet & Violet;Normal;1;0.9;25.77;0.9
403;pokemon-scarlet-&-violet/maschiff-135;Maschiff;Scarlet & Violet;Normal;1;0.73;25.12;0.73
1342;pokemon-scarlet-&-violet/maschiff-136;Maschiff;Scarlet & Violet;Normal;4;0.78;25.32;3.12
726;pokemon-scarlet-&-violet/maushold-161;Maushold;Scarlet & Violet;Normal;3;0.73;25.12;2.19
801;pokemon-scarlet-&-violet/medicham-111;Medicham;Scarlet & Violet;Normal;6;0.81;25.41;4.86
229;pokemon-scarlet-&-violet/meditite-110;Meditite;Scarlet & Violet;Normal;1;0.73;25.12;0.73
1102;pokemon-scarlet-&-violet/meowscarada-cosmos-holo-15;Meowscarada [Cosmos Holo];Scarlet & Violet;Holo;2;1.3;26.91;2.6
1696;pokemon-scarlet-&-violet/mesagoza-178;Mesagoza;Scarlet & Violet;Normal;1;0.87;25.65;0.87
149;pokemon-scarlet-&-violet/miraidon-80;Miraidon;Scarlet & Violet;Normal;1;2.04;24.04;2.04
912;pokemon-scarlet-&-violet/miriam-179;Miriam;Scarlet & Violet;Normal;1;1.07;23.68;1.07
1412;pokemon-scarlet-&-violet/miriam-reverse-holo-179;Miriam;Scarlet & Violet;Reverse Holo;1;1.01;25.89;1.01
1079;pokemon-scarlet-&-violet/muk-127;Muk;Scarlet & Violet;Normal;4;0.73;25.12;2.92
664;pokemon-scarlet-&-violet/nemona-180;Nemona;Scarlet & Violet;Normal;2;0.87;25.68;1.74
162;pokemon-scarlet-&-violet/nest-ball-181;Nest Ball;Scarlet & Violet;Normal;2;1.06;26.42;2.12
683;pokemon-scarlet-&-violet/oinkologne-157;Oinkologne;Scarlet & Violet;Normal;1;0.94;25.94;0.94
1684;pokemon-scarlet-&-violet/pachirisu-68;Pachirisu;Scarlet & Violet;Normal;3;0.9;9.68;2.7
743;pokemon-scarlet-&-violet/pal-pad-182;Pal Pad;Scarlet & Violet;Normal;3;1.1;26.59;3.3
500;pokemon-scarlet-&-violet/pawmi-73;Pawmi;Scarlet & Violet;Normal;2;1.2;26.44;2.4
1313;pokemon-scarlet-&-violet/pawmi-74;Pawmi;Scarlet & Violet;Normal;3;0.84;25.56;2.52
690;pokemon-scarlet-&-violet/pawmo-75;Pawmo;Scarlet & Violet;Normal;2;0.82;25.44;1.64
304;pokemon-scarlet-&-violet/pawmo-reverse-holo-75;Pawmo;Scarlet & Violet;Reverse Holo;1;0.95;26.0;0.95
760;pokemon-scarlet-&-violet/pawmot-76;Pawmot;Scarlet & Violet;Normal;2;1.35;27.59;2.7
967;pokemon-scarlet-&-violet/pawniard-132;Pawniard;Scarlet & Violet;Normal;7;0.74;25.15;5.18
872;pokemon-scarlet-&-violet/penny-183;Penny;Scarlet & Violet;Normal;4;0.9;10.36;3.6
267;pokemon-scarlet-&-violet/picnic-basket-184;Picnic Basket;Scarlet & Violet;Normal;3;0.95;26.0;2.85
377;pokemon-scarlet-&-violet/pineco-1;Pineco;Scarlet & Violet;Normal;2;0.74;25.15;1.48
1310;pokemon-scarlet-&-violet/poke-ball-185;Poke Ball;Scarlet & Violet;Normal;3;0.73;25.12;2.19
1182;pokemon-scarlet-&-violet/poke-ball-reverse-holo-185;Poke Ball;Scarlet & Violet;Reverse Holo;1;0.95;11.1;0.95
696;pokemon-scarlet-&-violet/pokegear-30-186;Pokegear 3.0;Scarlet & Violet;Normal;1;1.49;28.16;1.49
5;pokemon-scarlet-&-violet/potion-188;Potion;Scarlet & Violet;Normal;3;1.01;26.21;3.03
1305;pokemon-scarlet-&-violet/primeape-108;Primeape;Scarlet & Violet;Normal;4;0.87;25.65;3.48
388;pokemon-scarlet-&-violet/quaquaval-holo-54;Quaquaval;Scarlet & Violet;Holo;4;1.19;26.95;4.76
1630;pokemon-scarlet-&-violet/quaxly-52;Quaxly;Scarlet & Violet;Normal;3;0.74;11.63;2.22
467;pokemon-scarlet-&-violet/quaxly-holo-52;Quaxly;Scarlet & Violet;Holo;2;1.69;25.26;3.38
1515;pokemon-scarlet-&-violet/quaxwell-53;Quaxwell;Scarlet & Violet;Normal;4;0.78;25.32;3.12
817;pokemon-scarlet-&-violet/riolu-112;Riolu;Scarlet & Violet;Normal;2;0.73;22.16;1.46
1643;pokemon-scarlet-&-violet/riolu-reverse-holo-113;Riolu;Scarlet & Violet;Reverse Holo;1;1.44;27.92;1.44
645;pokemon-scarlet-&-violet/rocky-helmet-193;Rocky Helmet;Scarlet & Violet;Normal;1;0.9;25.3;0.9
455;pokemon-scarlet-&-violet/rotom-69;Rotom;Scarlet & Violet;Normal;3;0.92;25.86;2.76
1311;pokemon-scarlet-&-violet/rotom-reverse-holo-69;Rotom;Scarlet & Violet;Reverse Holo;1;1.18;26.95;1.18
59;pokemon-scarlet-&-violet/sandaconda-120;Sandaconda;Scarlet & Violet;Normal;3;0.73;25.12;2.19
1411;pokemon-scarlet-&-violet/sandile-115;Sandile;Scarlet & Violet;Normal;2;0.73;25.12;1.46
1570;pokemon-scarlet-&-violet/scatterbug-8;Scatterbug;Scarlet & Violet;Normal;1;0.88;25.71;0.88
1341;pokemon-scarlet-&-violet/scovillain-29;Scovillain;Scarlet & Violet;Normal;2;0.73;25.12;1.46
1030;pokemon-scarlet-&-violet/shroomish-3;Shroomish;Scarlet & Violet;Normal;3;0.73;25.12;2.19
295;pokemon-scarlet-&-violet/shuppet-87;Shuppet;Scarlet & Violet;Normal;3;0.79;25.35;2.37
230;pokemon-scarlet-&-violet/silicobra-119;Silicobra;Scarlet & Violet;Normal;1;0.87;25.65;0.87
1268;pokemon-scarlet-&-violet/skeledirge-38;Skeledirge;Scarlet & Violet;Normal;1;1.2;18.68;1.2
21;pokemon-scarlet-&-violet/skiddo-11;Skiddo;Scarlet & Violet;Normal;1;0.77;25.27;0.77
134;pokemon-scarlet-&-violet/slowbro-play-43;Slowbro [Play];Scarlet & Violet;Normal;2;3.69;0.0;7.38
425;pokemon-scarlet-&-violet/slowpoke-42;Slowpoke;Scarlet & Violet;Normal;4;0.73;25.12;2.92
462;pokemon-scarlet-&-violet/smoliv-20;Smoliv;Scarlet & Violet;Normal;1;0.9;25.8;0.9
1538;pokemon-scarlet-&-violet/spewpa-9;Spewpa;Scarlet & Violet;Normal;1;0.73;25.12;0.73
234;pokemon-scarlet-&-violet/spidops-ex-19;Spidops ex;Scarlet & Violet;Normal;1;1.09;18.5;1.09
934;pokemon-scarlet-&-violet/spiritomb-129;Spiritomb;Scarlet & Violet;Normal;2;1.37;27.8;2.74
1348;pokemon-scarlet-&-violet/sprigatito-13;Sprigatito;Scarlet & Violet;Normal;2;0.88;19.97;1.76
969;pokemon-scarlet-&-violet/staraptor-150;Staraptor;Scarlet & Violet;Normal;2;1.36;26.33;2.72
1066;pokemon-scarlet-&-violet/staravia-149;Staravia;Scarlet & Violet;Normal;2;0.73;25.12;1.46
1620;pokemon-scarlet-&-violet/starly-148;Starly;Scarlet & Violet;Normal;2;0.94;25.86;1.88
761;pokemon-scarlet-&-violet/stonjourner-121;Stonjourner;Scarlet & Violet;Normal;3;0.73;25.12;2.19
12;pokemon-scarlet-&-violet/switch-194;Switch;Scarlet & Violet;Normal;3;0.75;25.2;2.25
623;pokemon-scarlet-&-violet/tandemaus-160;Tandemaus;Scarlet & Violet;Normal;2;0.9;25.77;1.8
497;pokemon-scarlet-&-violet/tandemaus-reverse-holo-159;Tandemaus;Scarlet & Violet;Reverse Holo;1;1.18;26.91;1.18
1343;pokemon-scarlet-&-violet/tarountula-17;Tarountula;Scarlet & Violet;Normal;2;0.85;25.59;1.7
472;pokemon-scarlet-&-violet/tarountula-18;Tarountula;Scarlet & Violet;Normal;1;0.74;25.15;0.74
1248;pokemon-scarlet-&-violet/tatsugiri-62;Tatsugiri;Scarlet & Violet;Normal;4;0.99;26.15;3.96
11;pokemon-scarlet-&-violet/toedscool-25;Toedscool;Scarlet & Violet;Normal;3;0.94;25.12;2.82
122;pokemon-scarlet-&-violet/toedscruel-26;Toedscruel;Scarlet & Violet;Normal;6;0.73;25.12;4.38
154;pokemon-scarlet-&-violet/torkoal-35;Torkoal;Scarlet & Violet;Normal;2;0.77;25.26;1.54
635;pokemon-scarlet-&-violet/toxel-71;Toxel;Scarlet & Violet;Normal;2;0.73;25.12;1.46
328;pokemon-scarlet-&-violet/toxicroak-ex-131;Toxicroak ex;Scarlet & Violet;Normal;1;1.58;45.6;1.58
674;pokemon-scarlet-&-violet/toxtricity-72;Toxtricity;Scarlet & Violet;Normal;4;0.83;25.5;3.32
44;pokemon-scarlet-&-violet/tropius-7;Tropius;Scarlet & Violet;Normal;4;0.73;25.12;2.92
330;pokemon-scarlet-&-violet/ultra-ball-196;Ultra Ball;Scarlet & Violet;Normal;1;0.73;25.12;0.73
417;pokemon-scarlet-&-violet/vitality-band-197;Vitality Band;Scarlet & Violet;Normal;5;0.91;25.83;4.55
1468;pokemon-scarlet-&-violet/vivillon-10;Vivillon;Scarlet & Violet;Normal;2;1.01;26.15;2.02
297;pokemon-scarlet-&-violet/wattrel-78;Wattrel;Scarlet & Violet;Normal;4;0.73;25.12;2.92
92;pokemon-scarlet-&-violet/wattrel-reverse-holo-78;Wattrel;Scarlet & Violet;Reverse Holo;1;0.96;26.03;0.96
15;pokemon-scarlet-&-violet/wiglett-55;Wiglett;Scarlet & Violet;Normal;2;0.73;25.12;1.46
1459;pokemon-scarlet-&-violet/wiglett-56;Wiglett;Scarlet & Violet;Normal;4;0.73;25.12;2.92
171;pokemon-scarlet-&-violet/wugtrio-57;Wugtrio;Scarlet & Violet;Normal;3;0.79;25.35;2.37
1223;pokemon-scarlet-&-violet/youngster-198;Youngster;Scarlet & Violet;Normal;1;1.1;26.48;1.1
214;pokemon-scarlet-&-violet/zangoose-146;Zangoose;Scarlet & Violet;Normal;3;0.73;25.12;2.19
294;pokemon-scarlet-&-violet/zangoose-147;Zangoose;Scarlet & Violet;Normal;1;0.73;25.12;0.73
47;pokemon-shining-fates/indeedee-56;Indeedee;Shining Fates;Normal;1;1.7;17.76;1.7
452;pokemon-shining-fates/professor's-research-60;Professor's Research;Shining Fates;Normal;2;1.47;12.58;2.94
72;pokemon-shining-fates/professor's-research-prize-pack-60;Professor's Research [Prize Pack];Shining Fates;Normal;1;5.28;0.0;5.28
820;pokemon-silver-tempest/anorith-reverse-holo-95;Anorith;Silver Tempest;Reverse Holo;1;1.08;26.42;1.08
1039;pokemon-silver-tempest/armaldo-96;Armaldo;Silver Tempest;Normal;1;1.15;25.86;1.15
1152;pokemon-silver-tempest/baltoy-93;Baltoy;Silver Tempest;Normal;2;0.93;25.84;1.86
1495;pokemon-silver-tempest/beheeyem-80;Beheeyem;Silver Tempest;Normal;1;0.88;25.64;0.88
571;pokemon-silver-tempest/beldum-117;Beldum;Silver Tempest;Normal;2;1.02;26.19;2.04
794;pokemon-silver-tempest/braixen-reverse-holo-26;Braixen;Silver Tempest;Reverse Holo;1;1.03;0.0;1.03
1097;pokemon-silver-tempest/candice-152;Candice;Silver Tempest;Normal;1;0.76;25.86;0.76
942;pokemon-silver-tempest/capturing-aroma-153;Capturing Aroma;Silver Tempest;Normal;1;1.12;26.57;1.12
1609;pokemon-silver-tempest/capturing-aroma-reverse-holo-153;Capturing Aroma;Silver Tempest;Reverse Holo;1;1.07;27.02;1.07
155;pokemon-silver-tempest/chimecho-74;Chimecho;Silver Tempest;Normal;1;0.73;25.15;0.73
166;pokemon-silver-tempest/dedenne-85;Dedenne;Silver Tempest;Normal;2;0.73;25.06;1.46
1197;pokemon-silver-tempest/dewpider-47;Dewpider;Silver Tempest;Normal;1;0.73;0.0;0.73
285;pokemon-silver-tempest/dragonair-130;Dragonair;Silver Tempest;Normal;1;0.96;37.0;0.96
93;pokemon-silver-tempest/drowzee-60;Drowzee;Silver Tempest;Normal;1;0.73;25.06;0.73
1578;pokemon-silver-tempest/elgyem-79;Elgyem;Silver Tempest;Normal;1;0.89;25.67;0.89
660;pokemon-silver-tempest/emolga-54;Emolga;Silver Tempest;Normal;1;0.95;25.9;0.95
1530;pokemon-silver-tempest/ferrothorn-122;Ferrothorn;Silver Tempest;Normal;1;0.73;0.0;0.73
1739;pokemon-silver-tempest/foongus-11;Foongus;Silver Tempest;Normal;1;0.87;0.0;0.87
401;pokemon-silver-tempest/gardevoir-69;Gardevoir;Silver Tempest;Normal;1;1.06;26.34;1.06
532;pokemon-silver-tempest/glalie-42;Glalie;Silver Tempest;Normal;1;0.82;25.41;0.82
1191;pokemon-silver-tempest/jynx-62;Jynx;Silver Tempest;Normal;1;0.99;51.79;0.99
519;pokemon-silver-tempest/lopunny-145;Lopunny;Silver Tempest;Normal;1;0.98;25.98;0.98
298;pokemon-silver-tempest/mareanie-114;Mareanie;Silver Tempest;Normal;2;0.56;24.4;1.12
1181;pokemon-silver-tempest/metagross-119;Metagross;Silver Tempest;Normal;1;1.02;33.3;1.02
1801;pokemon-silver-tempest/metang-118;Metang;Silver Tempest;Normal;1;0.73;25.06;0.73
131;pokemon-silver-tempest/murkrow-106;Murkrow;Silver Tempest;Normal;2;0.93;25.84;1.86
293;pokemon-silver-tempest/palossand-reverse-holo-100;Palossand;Silver Tempest;Reverse Holo;1;0.98;25.96;0.98
324;pokemon-silver-tempest/passimian-tg08;Passimian #TG08;Silver Tempest;Normal;1;1.8;29.97;1.8
1402;pokemon-silver-tempest/phanpy-91;Phanpy;Silver Tempest;Normal;1;0.87;25.06;0.87
243;pokemon-silver-tempest/primordial-altar-161;Primordial Altar;Silver Tempest;Normal;1;0.9;25.73;0.9
152;pokemon-silver-tempest/professor-laventon-162;Professor Laventon;Silver Tempest;Normal;1;0.91;25.75;0.91
1253;pokemon-silver-tempest/raichu-50;Raichu;Silver Tempest;Normal;1;0.96;26.02;0.96
424;pokemon-silver-tempest/sandile-111;Sandile;Silver Tempest;Normal;3;0.73;25.06;2.19
1510;pokemon-silver-tempest/sandygast-99;Sandygast;Silver Tempest;Normal;1;0.98;0.0;0.98
1231;pokemon-silver-tempest/serena-164;Serena;Silver Tempest;Normal;1;1.17;26.77;1.17
1796;pokemon-silver-tempest/snorunt-41;Snorunt;Silver Tempest;Normal;1;0.91;25.75;0.91
719;pokemon-silver-tempest/sunflora-reverse-holo-6;Sunflora;Silver Tempest;Reverse Holo;1;0.98;26.04;0.98
779;pokemon-silver-tempest/sunkern-5;Sunkern;Silver Tempest;Normal;1;0.92;25.78;0.92
637;pokemon-silver-tempest/swirlix-83;Swirlix;Silver Tempest;Normal;1;1.07;26.48;1.07
334;pokemon-silver-tempest/togedemaru-127;Togedemaru;Silver Tempest;Normal;2;0.73;25.06;1.46
514;pokemon-silver-tempest/torracat-31;Torracat;Silver Tempest;Normal;1;0.83;47.36;0.83
810;pokemon-silver-tempest/toxicroak-110;Toxicroak;Silver Tempest;Normal;1;0.69;24.89;0.69
1752;pokemon-silver-tempest/ursaluna-v-102;Ursaluna V;Silver Tempest;Normal;1;0.94;10.89;0.94
1373;pokemon-silver-tempest/victini-23;Victini;Silver Tempest;Normal;1;1.03;26.22;1.03
1817;pokemon-silver-tempest/zeraora-reverse-holo-56;Zeraora;Silver Tempest;Reverse Holo;1;1.44;37.0;1.44
94;pokemon-silver-tempest/zubat-103;Zubat;Silver Tempest;Normal;1;1.05;26.31;1.05
1757;pokemon-stellar-crown/lokix-16;Lokix;Stellar Crown;Normal;1;0.95;26.41;0.95
1593;pokemon-surging-sparks/archaludon-ex-130;Archaludon ex;Surging Sparks;Normal;1;0.87;14.44;0.87
1340;pokemon-surging-sparks/duraludon-129;Duraludon;Surging Sparks;Normal;1;0.73;25.54;0.73
10;pokemon-sword-&-shield/great-ball-164;Great Ball;Sword & Shield;Normal;1;0.73;25.12;0.73
1123;pokemon-sword-&-shield/potion-177;Potion;Sword & Shield;Normal;1;0.93;0.0;0.93
551;pokemon-temporal-forces/arbok-101;Arbok;Temporal Forces;Normal;1;0.93;26.2;0.93
804;pokemon-temporal-forces/beldum-113;Beldum;Temporal Forces;Normal;1;0.73;25.34;0.73
68;pokemon-temporal-forces/bianca's-devotion-142;Bianca's Devotion;Temporal Forces;Normal;2;1.47;28.08;2.94
593;pokemon-temporal-forces/brambleghast-reverse-holo-21;Brambleghast;Temporal Forces;Reverse Holo;1;1.11;26.96;1.11
422;pokemon-temporal-forces/breloom-7;Breloom;Temporal Forces;Normal;1;0.75;25.43;0.75
1222;pokemon-temporal-forces/carvanha-42;Carvanha;Temporal Forces;Normal;1;0.73;0.0;0.73
221;pokemon-temporal-forces/chatot-132;Chatot;Temporal Forces;Normal;1;0.73;0.0;0.73
1444;pokemon-temporal-forces/cinccino-reverse-holo-137;Cinccino;Temporal Forces;Reverse Holo;1;1.18;27.11;1.18
503;pokemon-temporal-forces/cottonee-14;Cottonee;Temporal Forces;Normal;1;0.73;25.34;0.73
1074;pokemon-temporal-forces/cutiefly-75;Cutiefly;Temporal Forces;Normal;1;0.57;24.64;0.57
300;pokemon-temporal-forces/deerling-16;Deerling;Temporal Forces;Normal;2;0.98;26.36;1.96
608;pokemon-temporal-forces/deerling-reverse-holo-16;Deerling;Temporal Forces;Reverse Holo;1;0.99;26.45;0.99
822;pokemon-temporal-forces/drampa-holo-138;Drampa;Temporal Forces;Holo;1;0.58;36.99;0.58
1434;pokemon-temporal-forces/drilbur-85;Drilbur;Temporal Forces;Normal;1;0.73;25.34;0.73
1689;pokemon-temporal-forces/duosion-reverse-holo-71;Duosion;Temporal Forces;Reverse Holo;1;0.98;26.42;0.98
538;pokemon-temporal-forces/ekans-100;Ekans;Temporal Forces;Normal;2;0.73;25.34;1.46
805;pokemon-temporal-forces/elgyem-reverse-holo-73;Elgyem;Temporal Forces;Reverse Holo;1;1.05;26.42;1.05
1548;pokemon-temporal-forces/excadrill-reverse-holo-86;Excadrill;Temporal Forces;Reverse Holo;1;1.07;26.77;1.07
989;pokemon-temporal-forces/feraligatr-holo-41;Feraligatr;Temporal Forces;Holo;1;1.21;27.37;1.21
748;pokemon-temporal-forces/feraligatr-reverse-holo-41;Feraligatr;Temporal Forces;Reverse Holo;1;1.1;27.02;1.1
32;pokemon-temporal-forces/flutter-mane-holo-78;Flutter Mane;Temporal Forces;Holo;1;1.47;14.8;1.47
712;pokemon-temporal-forces/future-booster-energy-capsule-reverse-holo-149;Future Booster Energy Capsule;Temporal Forces;Reverse Holo;1;1.44;28.34;1.44
106;pokemon-temporal-forces/hand-trimmer-reverse-holo-150;Hand Trimmer;Temporal Forces;Reverse Holo;1;0.95;26.29;0.95
435;pokemon-temporal-forces/heavy-baton-151;Heavy Baton;Temporal Forces;Normal;2;1.01;26.54;2.02
1130;pokemon-temporal-forces/hoothoot-126;Hoothoot;Temporal Forces;Normal;1;1.29;27.75;1.29
269;pokemon-temporal-forces/iron-jugulis-139;Iron Jugulis;Temporal Forces;Normal;2;0.94;26.23;1.88
1083;pokemon-temporal-forces/iron-jugulis-reverse-holo-139;Iron Jugulis;Temporal Forces;Reverse Holo;1;1.03;26.77;1.03
91;pokemon-temporal-forces/iron-valiant-79;Iron Valiant;Temporal Forces;Normal;3;0.99;51.12;2.97
839;pokemon-temporal-forces/keldeo-reverse-holo-44;Keldeo;Temporal Forces;Reverse Holo;1;0.95;26.29;0.95
489;pokemon-temporal-forces/koraidon-holo-119;Koraidon;Temporal Forces;Holo;1;0.93;26.16;0.93
19;pokemon-temporal-forces/lycanroc-90;Lycanroc;Temporal Forces;Normal;2;0.73;0.0;1.46
1656;pokemon-temporal-forces/magcargo-29;Magcargo;Temporal Forces;Normal;1;0.84;25.75;0.84
1505;pokemon-temporal-forces/mawile-112;Mawile;Temporal Forces;Normal;1;0.73;25.34;0.73
1316;pokemon-temporal-forces/mawile-reverse-holo-112;Mawile;Temporal Forces;Reverse Holo;1;0.96;26.33;0.96
968;pokemon-temporal-forces/meditite-82;Meditite;Temporal Forces;Normal;1;0.73;0.0;0.73
1657;pokemon-temporal-forces/meltan-116;Meltan;Temporal Forces;Normal;1;0.79;25.59;0.79
484;pokemon-temporal-forces/miraidon-holo-121;Miraidon;Temporal Forces;Holo;1;1.04;25.89;1.04
1111;pokemon-temporal-forces/mist-energy-161;Mist Energy;Temporal Forces;Normal;1;1.19;26.42;1.19
398;pokemon-temporal-forces/morty's-conviction-155;Morty's Conviction;Temporal Forces;Normal;1;0.97;26.36;0.97
917;pokemon-temporal-forces/palafin-49;Palafin;Temporal Forces;Normal;2;0.78;25.56;1.56
749;pokemon-temporal-forces/pidove-133;Pidove;Temporal Forces;Normal;1;0.73;25.34;0.73
1821;pokemon-temporal-forces/pineco-2;Pineco;Temporal Forces;Normal;1;0.57;24.61;0.57
792;pokemon-temporal-forces/ponyta-26;Ponyta;Temporal Forces;Normal;1;0.62;24.8;0.62
495;pokemon-temporal-forces/poochyena-105;Poochyena;Temporal Forces;Normal;3;0.66;25.03;1.98
176;pokemon-temporal-forces/relicanth-84;Relicanth;Temporal Forces;Normal;2;0.85;18.5;1.7
1474;pokemon-temporal-forces/rellor-23;Rellor;Temporal Forces;Normal;1;0.73;25.34;0.73
238;pokemon-temporal-forces/rescue-board-159;Rescue Board;Temporal Forces;Normal;1;1.27;27.69;1.27
697;pokemon-temporal-forces/reuniclus-72;Reuniclus;Temporal Forces;Normal;2;0.74;25.37;1.48
1421;pokemon-temporal-forces/ribombee-76;Ribombee;Temporal Forces;Normal;1;1.11;26.96;1.11
241;pokemon-temporal-forces/ribombee-reverse-holo-76;Ribombee;Temporal Forces;Reverse Holo;1;1.2;27.34;1.2
537;pokemon-temporal-forces/rolycoly-93;Rolycoly;Temporal Forces;Normal;1;0.69;25.34;0.69
852;pokemon-temporal-forces/roselia-reverse-holo-8;Roselia;Temporal Forces;Reverse Holo;1;0.94;26.2;0.94
256;pokemon-temporal-forces/sableye-reverse-holo-107;Sableye;Temporal Forces;Reverse Holo;1;1.15;27.05;1.15
487;pokemon-temporal-forces/salvatore-160;Salvatore;Temporal Forces;Normal;2;0.98;26.42;1.96
904;pokemon-temporal-forces/salvatore-reverse-holo-160;Salvatore;Temporal Forces;Reverse Holo;1;1.1;26.92;1.1
222;pokemon-temporal-forces/sandy-shocks-98;Sandy Shocks;Temporal Forces;Normal;2;0.87;10.36;1.74
1220;pokemon-temporal-forces/sandy-shocks-reverse-holo-98;Sandy Shocks;Temporal Forces;Reverse Holo;1;1.07;26.96;1.07
1460;pokemon-temporal-forces/sawsbuck-17;Sawsbuck;Temporal Forces;Normal;1;0.86;25.88;0.86
563;pokemon-temporal-forces/scream-tail-77;Scream Tail;Temporal Forces;Normal;2;1.0;20.71;2.0
228;pokemon-temporal-forces/seedot-3;Seedot;Temporal Forces;Normal;2;0.87;25.91;1.74
931;pokemon-temporal-forces/sharpedo-reverse-holo-43;Sharpedo;Temporal Forces;Reverse Holo;1;1.1;25.89;1.1
89;pokemon-temporal-forces/shiftry-5;Shiftry;Temporal Forces;Normal;1;0.52;24.42;0.52
864;pokemon-temporal-forces/torterra-ex-12;Torterra ex;Temporal Forces;Normal;1;1.08;12.25;1.08
187;pokemon-temporal-forces/totodile-39;Totodile;Temporal Forces;Normal;2;0.82;25.66;1.64
1362;pokemon-temporal-forces/turtonator-35;Turtonator;Temporal Forces;Normal;1;0.73;25.34;0.73
535;pokemon-temporal-forces/turtwig-10;Turtwig;Temporal Forces;Normal;3;0.73;25.34;2.19
1089;pokemon-temporal-forces/wiglett-47;Wiglett;Temporal Forces;Normal;3;0.51;25.89;1.53
